sentence id,codemixed text,monolingual text
2025-05-01T13:35:21.418123,Enna da ellam avan seyal Mari iruku,"What the hell, everything he does is like that."
2025-05-01T13:35:25.536231,This movei is just like ellam avan seyal,This movie is just like everything he does.
2025-05-01T13:35:30.145714,Padam vanthathum 13k dislike pottavaga yellam yea da dislike pannom nu feel pannanum,"When the movie came and got 13k dislikes, everyone should think why we disliked it."
2025-05-01T13:35:34.610483,Neraya neraya neraya... ... V era level...thala,"A lot, a lot, a lot... ...V is next level...boss."
2025-05-01T13:35:38.947601,wow thavala sema mass....padam oru pundaikum aagathu,"""Wow buddy, it's extremely awesome... the movie won't be a waste of time."""
2025-05-01T13:35:42.996228,Andha 19 k unlike panavangaluku kolandha porakathu,That 19k unlike count is unbearable to see.
2025-05-01T13:35:47.069260,Yaarellam frst like pottutu video paaka start paneenga....hit like,Everyone first hit like and then start watching the video....hit like.
2025-05-01T13:35:51.281773,Ethana padam vanthanu SALT AND PEPPER Mattum than..THÃLÃ,"Only one movie came, SALT AND PEPPER, that's it."
2025-05-01T13:35:57.034641,Thala mass Hvy sprt kerala Surya anna fans,Thala is a mass hero and the heavy support for Kerala Surya anna fans.
2025-05-01T13:36:01.043744,Elam avan jayal movie remake pa,Everything is his Jai Lal movie remake.
2025-05-01T15:36:33.386693,Dhayavasenju indha padathula mass ila mayiru ila nu yevanum saavadikadheenga.. let him do such roles.. it's healthy!,Please don't criticize this movie by saying it lacks mass or style.. let him do such roles.. it's healthy!
2025-05-01T15:36:37.372144,vera lvl.... Thala sammaaaaaaaaaaaaa......Bgm sammaya iruku,next level.... Thala is amazing......the background music is perfect
2025-05-01T15:36:45.155542,Romba nal aparam ajith ah normal ah pakaran siva oda build up illama tharamana trailer.....,"It's been a long time since we saw Ajith looking normal without Siva's buildup, finally a decent trailer..."
2025-05-01T15:36:49.046632,Nirav shah .... Love u ma dear.....,Nirav Shah.... I love you my dear.....
2025-05-01T15:36:54.166424,Padam hit nu nenaikkuravange like podunge ..... Naan pottutten..,"Those who think the movie is a hit, please like it ..... I have liked it."
2025-05-01T15:36:58.976585,Thevdiya pasangala intha trailer ku enna da kora evlo dislike uh punda mavanungalae,"What the hell is wrong with these guys, why are there so many dislikes for this trailer, damn bastards."
2025-05-01T15:37:04.497863,Dislikes podura thevidiya kandara oooooooli pasangala,The dislikes are given by those useless fellows.
2025-05-01T15:37:09.103638,Neenga viswasam ah irukkurathukku mathavangala yan asinga paduthuringa....#Thala...Vera level.....,You are making others wonder at your confidence...#Thala...Next level.....
2025-05-01T15:37:13.667250,Superb thala... By thalapathy fan... Naraya naraya naraya... Vera vera vera 2um sink agudhu....,Superb leader... By thalapathy fan... Many many many... Different different different 2 is also matching....
2025-05-01T15:37:17.767193,Last dialogue epo ellam may epd than jalra taturaga,The last dialogue always comes out like a challenge or a fight.
2025-05-01T15:37:21.690442,More than 20 times paathavanga mattum like pannunga..,Only those who have watched it more than 20 times should like it.
2025-05-01T15:37:26.195386,Thala and yuvan bgm Epa dae,The background music by Thala and Yuvan is amazing.
2025-05-01T15:37:32.237465,Konjam purithu konjam puriyala.. But gud,"A little understood, a little not understood.. But good"
2025-05-01T15:37:36.535492,Rangaraj pandey dummy piece Thala munnadi,Rangaraj Pandey is a useless person in front of Thala.
2025-05-01T15:37:42.168325,ennada setha ponam mari argue pandran,Why are you arguing like a dead person?
2025-05-01T15:37:47.184143,Gommala Thala da. Verithanam,Gommala is the leader. He is extraordinary.
2025-05-01T15:37:51.619884,Oru scene vachalum valuvaa irukuu trailer thala,Every scene in the trailer looks amazing.
2025-05-01T15:37:55.784752,Wowww thala Ajith Kumar is awesome paaaaaaaaa,"Wowww, leader Ajith Kumar is awesome man."
2025-05-01T15:38:00.189441,Neraya Neraya Neraya like varanum #thala rasiganda,A lot a lot a lot of likes should come #thala fan
2025-05-01T15:38:05.155985,Final touch thala mass ah soli irukapala ketukonga da inimel aachum olunga irunga.... Ozm thrilling Trailer,"The final touch is superb, listen to it. From now on, stay well. The OZM trailer is thrilling."
2025-05-01T15:38:09.937274,after longtime i am watch my dear thala(apudi ellam nadakathu nadakka vittta maten...),"After a long time, I am watching my dear Thala (don't let things go wrong and stop like that...)"
2025-05-01T15:38:14.728558,Acting to nxt level of thala ...U1 maranabangam..,The acting is at the next level of Thala... U1 is superb.
2025-05-01T15:38:18.724369,thala thanta thalaiya minja evanta,The head that surpasses the leader is rare.
2025-05-01T15:38:22.920391,Normal ah than iruku over ah laam illa expect panra aalavuku onum illa,"It's just normal, not too much, not up to the expectations."
2025-05-01T15:38:27.937860,Itha trailer Ku dislike pannuraven girls ku against ta irupan pola.... You mom also girl..,I dislike this trailer because it seems to be against girls... You mom is also a girl.
2025-05-01T15:38:32.638767,Thala verithanam intha padam rapists ku marana serupadi kudukum,The leader will definitely give death punishment to the rapists in this film.
2025-05-01T15:38:35.910753,Thala fans for ravathanallur uthiramerur kanchipuram,"Thala fans from Ravathanallur, Uthiramerur, and Kanchipuram"
2025-05-01T15:38:40.474293,Aiyo enaku ipave thalaya padathula pakanumnu eruku,"Oh my god, I already have a headache just thinking about watching the movie."
2025-05-01T15:38:44.993237,Oruthar mela viswasam kaataruthukkaaga innoru thara yen asinga paduthiringa ... To all fans,"""To all fans, don't embarrass me by showing blind faith in one person..."""
2025-05-01T15:38:49.540554,Yavan da sonna NKP Ku expection varadunu Thala daaaaaaa,Whoever said NKP has no expectations is Thala daaaaaaa.
2025-05-01T15:38:54.477770,Thalapathi fan.But dislike panna manasu varala,Thalapathi fan. But I don't have the heart to dislike.
2025-05-01T15:38:58.351828,What ah speech Thala Ajith Kumar,What a speech Thala Ajith Kumar
2025-05-01T15:39:03.850440,Trailler pidikkadhavangalaam like pannunga expect panna alavukku trailer illa oknna like pannunga....,"The people who didn't like the trailer should like it, but the trailer isn't as expected, so like it if you can...."
2025-05-01T15:39:08.094254,Thala acting vera level nu solravanga like panunga,"The people who say Thala's acting is on another level, like them."
2025-05-01T15:39:12.725314,THALA always masss.. Ippo sollava venum Y1 music vera level ah irukkum... .,THALA is always amazing... Now I have to say Y1 music will be at another level...
2025-05-01T15:39:17.242536,Thala and yuvan ..like ha therika vidungada pasangala...bgm vera level ..,"Thala and Yuvan... like wow, the boys are killing it... the background music is next level."
2025-05-01T15:39:21.369501,Now you are lying lying lying. Thala mass,Now you are lying lying lying. The boss is awesome.
2025-05-01T15:39:25.588652,Usure mela poitu varuthu Thala ungala paakum pothu.....,"My heart skips a beat when I see you, Thala."
2025-05-01T15:39:30.246599,Thala court scene marana mass dialogue delivery super duper hit,The hero's court scene dialogue delivery was extremely powerful and it's a super hit.
2025-05-01T15:39:33.820794,Thala looking mass,The hero looks amazing
2025-05-01T15:39:38.435516,"@0:21 oh man, Thala looking amazing","At 0:21, oh man, Thala is looking amazing."
2025-05-01T15:39:43.612198,Thalaaa !.....yuvan poramboku ena da bgm potu vechirka,Leader!... What nonsense background music has Yuvan put in?
2025-05-01T15:39:48.324781,Adangappa semma tralier fight na innum thrikum,The trailer is awesome and the fight will be even more thrilling.
2025-05-01T15:39:52.757822,Ayioooo mudela da punda yanna detu padom purela da,"Oh my god, we got beaten badly by that idiot in the first round, what a fool."
2025-05-01T15:39:56.924144,Hindi padam trailer patha maari iruku,The Hindi movie trailer looks great.
2025-05-01T15:40:00.614512,Nadigar Ajith I kaanaa.... We are waiting...,We are waiting to see actor Ajith...
2025-05-01T15:40:05.470229,Idhu podhum thala idhu podhum thala aiyooooo sema thala nee,"This is enough, boss, this is enough, boss, oh my god, you're amazing, boss."
2025-05-01T15:40:09.283133,Iam Vijay fan.... Trailer Vera levelsemaa Thala,"I am a Vijay fan. The trailer is amazing, Thala."
2025-05-01T15:40:13.825081,Ayyyoo thala pindriye thala.... Vera level dharisanan thala,"Oh my god, leader, you are on another level... It's a completely different sight, leader."
2025-05-01T15:40:17.645597,dislike panna terrorist ah adichu kollunga da,Kill the terrorist you dislike.
2025-05-01T15:40:21.964712,Amithap patchan acting ivaruku koncham kooda set agala ... acting koncham change pannirukalam,Amitabh Bachchan's acting doesn't suit him at all... he could have changed his acting a little.
2025-05-01T15:40:28.238777,R u vergin .....vara level opening thala...,"Are you a virgin? That was a next-level opening, boss."
2025-05-01T15:40:32.336331,Social luku theva pada koodiya Padam,A movie that is needed for society
2025-05-01T15:40:36.784715,Ioooo iooo iooo ennanu solrathu thala nenga vera leval...,"I don't know what to say, boss you're on another level..."
2025-05-01T15:40:43.177520,Thala ungaluku edu enai yevarum ellai tamil cinemavirke yendrum nengalthan chella pillai vera level thala nenga,"Thala, no one can match you in Tamil cinema, you are always the best, Thala you are on a different level."
2025-05-01T15:40:50.808424,Sigaramna Everestu Nadipunna Enga Thala Ajith kumaru,The peak we climbed is Everest and our leader is Ajith Kumar.
2025-05-01T15:40:55.712564,Ithuku than nalla tharamana directora venum ndrathu thalaiku yetha tharamana kadha bayangaram pichitaru thala,"That's why only a good director is needed, because he has presented a very scary story on screen."
2025-05-01T15:41:01.051690,Last part music I love it,I love the music in the last part.
2025-05-01T15:41:06.630816,"Appedilaam nadekaathu, nadake kudaathu! The bulls eyes","The bulls eyes, don't even walk, don't even move!"
2025-05-01T15:41:11.780833,Yellam great... Ivarukaga theva ilama oru fight scene add paniruku padathula... Unwanted.. adhe originality nalla irundhirukum avaruku... Little disappointed..,Everything is great... They have added an unnecessary fight scene in the movie just for him... It's unwanted... The originality would have been good for them... Little disappointed...
2025-05-01T15:41:15.576623,Thala love you so much ummmmmmmmmma,"Thala, I love you so much, mwah."
2025-05-01T15:41:22.005105,Unga viwasatha kaata mathavangala yen avamana paduthureenga!thala for u.... thala bloods....,Why are you insulting others by showing off your pride! Hats off to you.... thala bloods....
2025-05-01T15:41:31.241209,Ajith sir in veru patta nadipu.vera leval,Ajith sir has a unique style of acting. No one else can match it.
2025-05-01T15:41:35.281628,Intha padam kandippa crime story aatha irukkum,This movie will definitely be a crime story.
2025-05-01T15:41:39.861687,Romba varusam kalichi..ajith anna..nalla padathula nadikiraru ..good luck,It's been many years since we played together..brother Ajith..he is acting in a good movie..good luck
2025-05-01T15:41:47.519029,From Karnataka kiccha Sudeep fans like here,Fans from Karnataka like Sudeep here.
2025-05-01T15:41:51.239702,"Trailer oda kadaisi dialogue, Kola mass",The trailer's final dialogue is really awesome.
2025-05-01T15:41:54.809163,Ellam avan seyal movie madri iruku,Everything looks like his movie.
2025-05-01T15:41:59.914828,Maaassssssooooooooo maaaassss thalaya ipti oru puthu role la paakrapa as a thala fan romba happy ah erukku,I am so happy as a Thala fan to see him in a new role.
2025-05-01T15:42:04.444790,Amma sathiyama sollunga da indha trailer nalla illainu neengalam thirundhave mattingada,"Mom, tell me honestly, you can't say that this trailer is not good, right?"
2025-05-01T15:42:08.848783,1:16 Rangaraj Pandey.. Avar nadikkala. Avaroda velaya padathula seiraru,1:16 Rangaraj Pandey.. He didn't act. He produced the movie.
2025-05-01T15:42:13.731345,Thaaru maaru... Thala ku Film Fare award confirm...,Thaaru Maaru... It's confirmed that Thala will receive the Filmfare award...
2025-05-01T15:42:17.871977,Come on Thala fans beginning festival Nerkonda paarvai,"Come on Thala fans, the beginning festival is Nerkonda Paarvai."
2025-05-01T15:42:22.396333,Ellam iruku but ethoo miss aguthu ...that mass avlova illa,Everything is there but something is missing... that mass is not enough.
2025-05-01T15:42:27.147440,Oruthar mela viswasam katradhukaga inoruthara aen asingapaduthringa Sema Thala.........,"Why do you humiliate one person for trusting another, Great Leader..."
2025-05-01T15:42:32.166091,Romba nal kaluchi thalaya opening scene illama pakuran,I'm really excited to watch the movie without the opening scene spoilers.
2025-05-01T15:42:36.567167,Yuvan da ivana minja Evan da,"Yuvan, this guy is nothing compared to Evan."
2025-05-01T15:42:42.149838,Ippidi nariya nariya nariya superb dialogue,There are so many superb dialogues like this.
2025-05-01T15:42:48.639986,Oruthar mela neenga viswasam kata.. Inoruthara neenga asinga paduthuringa.... Deep,You trust one person but you are mocking another person... Deep.
2025-05-01T15:42:52.997421,Padam nalla irukko illaiya but thala eppovum mass ahh irukkanum...,"The movie is good or not, but the hero must always be cool..."
2025-05-01T15:42:57.931937,Samaa superrr thala machans oru like podungha,Sama bro is awesome guys please give a like.
2025-05-01T15:43:03.626955,Niraya niraya niraya paer wait pannitirukkom thala.,"We have been waiting for so, so, so long, boss."
2025-05-01T15:43:07.659276,Thala mass dialogue class vera level,The hero's mass dialogue is on another level.
2025-05-01T15:43:12.319993,THALA padama ITHU koothi maari iruku trailer....... Padam punda mathiri irukum pola,The movie THALA looks like trash based on the trailer....... The film might be total crap.
2025-05-01T15:43:16.168643,Ajith = h.Vinod= Siva = h. Raja,Ajith is equal to h.Vinod is equal to Siva is equal to h. Raja.
2025-05-01T15:43:20.951792,Manushan epudi vanthalum tharama irukaru ya... THALAAA... This time CLASSY After a MASS VISWASAM....,"No matter how a man comes, he remains the same... THALAAA... This time CLASSY after a MASS VISWASAM...."
2025-05-01T15:43:24.392008,Last ah keta kelvi...paaahhh semmaa thala,The last question was... wow amazing man.
2025-05-01T15:43:31.323857,"Thala darisanum, yenna charisma, yenna English, yenna alagzhu, lion voice.. thala blood thala veriyan from Bangalore","Thala's presence, what charisma, what English, what beauty, lion voice.. thala blood thala fan from Bangalore"
2025-05-01T15:43:36.391378,Vera level thala marana mass thala I am waiting,"The real level is head-spinning, mass leader, I am waiting."
2025-05-01T15:43:41.389721,Appudila nadakathu.... Nadaka kudathu.... Thala,It shouldn't happen.... It shouldn't happen.... Boss
2025-05-01T15:43:45.974154,Kerala Vikram fans like butten Adichu pottikku,Kerala Vikram fans pressed the like button quickly.
2025-05-01T15:43:50.204323,Vikram he to best hi hogi..,Vikram will be the best.
2025-05-01T15:43:55.042916,Hollywood range la iruku padam Kandipa blockbuster hit! Semma story....,The Hollywood range movie is definitely a blockbuster hit! The story is amazing....
2025-05-01T15:43:59.571350,Vechu senjutinga thalaiva ... Padam marana mass. Kandipa innoru vaati pakkanum,"You've done a great job, boss... The movie is extremely entertaining. I definitely want to watch it again."
2025-05-01T15:44:04.020709,Superb movie! Vikram looks Mass! Well made movie ..no lag...,"""Excellent movie! Vikram looks stylish and impressive! It's a well-made film with no slow moments."""
2025-05-01T15:44:08.247442,Vikram looks just like he was in iru mugan. Looks cool !,Vikram looks just like he was in Iru Mugan. He looks cool!
2025-05-01T15:44:12.005862,Vayase aagala pa.. ena effort chanceless..,Age hasn't caught up yet.. what an effortless effort..
2025-05-01T15:44:15.912869,Die hard chiyaan fans like here,Die hard fans like Chiyaan are here.
2025-05-01T15:44:19.827717,படம் எப்ப ரிலீஸ்? When this movie release?,When will this movie be released?
2025-05-01T15:44:24.442969,U kena tunggu lebih lama lagi untuk tau saya.. You have to wait longer to know me,You have to wait longer to know me.
2025-05-01T15:44:29.070533,"omg, Indian filmmaking is so embarassing xD","OMG, Indian filmmaking is so embarrassing xD"
2025-05-01T15:44:32.613768,Vara vara gibran bgm la kalakkuran,Slowly slowly the gibran bgm is rocking.
2025-05-01T15:44:37.557826,Movie kab release hogi uska date fix batao,"When will the movie be released, tell me the fixed date."
2025-05-01T15:44:41.748088,"Kuch samajh nai aaya , lekin dekh k acha laga.","I didn't understand anything, but it looked good to see."
2025-05-01T15:44:45.857103,Hollywood movie ka remek hain point blank ka,The Hollywood movie is a remake of Point Blank.
2025-05-01T15:44:50.304864,chiyan veriyan ivan pandiyan street aruppukottai,That crazy guy is the Pandiyan of Aruppukottai street.
2025-05-01T15:44:54.947049,Plzzzzzz sir ji hindi me bhi chahiye..,"Please sir ji, I need it in Hindi as well."
2025-05-01T15:45:00.440551,AR rahuman on board chiyaan vikram 58,AR Rahman is on board for Chiyaan Vikram 58.
2025-05-01T15:45:05.203785,213k likes but just 3.9 unlikes only fr chiyaan,213k likes but only 3.9 dislikes for Chiyaan.
2025-05-01T15:45:09.246982,nenga vilaiyanadhuu enn kitte Ella yeman kittee..,"You told me the price, I have everything with me."
2025-05-01T15:45:14.100824,movie nadikiradhuku theramai thevai illai kaasu irundha podhum (example : aksarahasan ),"You don't need talent to act in movies, money is enough (example: Akshara Haasan)."
2025-05-01T15:45:17.389766,Ivaruku vayasu agala vayasu koranchukitu iruku,"He is not old enough, he is still young."
2025-05-01T15:45:22.004482,Neenga velayadanathu enkitta illa yeman kitta Only one dialogue is enough chiyaan uyir,"You don't have a job, I don't have one either. Only one dialogue is enough, dear life."
2025-05-01T15:45:26.143152,you kena tunggu lama lagi kalau nak tau saya...malay punch dialogue,you have to wait a long time if you want to know me...malay punch dialogue
2025-05-01T15:45:33.255027,Vikram sir efforts are best but stunts scenes nenacha dhan bayama iruku,"Vikram sir's efforts are great but when I think about the stunt scenes, I feel scared."
2025-05-01T15:45:37.825231,Vikram Telugu fans hit like here,Vikram Telugu fans click like here.
2025-05-01T15:45:42.195760,Vikram Hair Style....Pidichavanga Like Podunga Pa..... Naamalum Vaipom Future Le...Andha Hair Style Le.....,"""Vikram's hairstyle.... Those who like it, please like it.... We will also try that hairstyle in the future...."""
2025-05-01T15:45:45.826326,you kena tunggu lama lagi untuk tosai !,You have to wait a long time for the dosa!
2025-05-01T15:45:50.106036,Age is not a matter for vikram,Age is not a matter for Vikram.
2025-05-01T15:45:53.627955,Ethana peru ethu maari padathula ajith nadikanum nu nenaikuriga?,How many roles do you think Ajith should act in?
2025-05-01T15:45:57.726431,Die HEARTfan of VikramSir ... FROM Tollywood ....,I am a die-hard fan of Vikram Sir from Tollywood.
2025-05-01T15:46:02.893744,Kamal sir nenga vikrama vaithu marma yogi movie pannunga sir superrrrrrra irukkum.,"Kamal sir, you should make the Vikrama and Marma Yogi movie, it will be amazing."
2025-05-01T15:46:06.905172,Hindi me kyo nhi late trailer,Why didn't you release the trailer in Hindi?
2025-05-01T15:46:10.965676,Vikram sir you will never get old,Vikram sir you will never get old
2025-05-01T15:46:15.048994,neenga vilayadnathu enkitte ille yaman kitte chiyan vikram,"You're not playing with me, you're playing with Yaman, Chiyan Vikram."
2025-05-01T15:46:19.392269,Trailer lam nalla irukku...! Aana padatha release panna maatringale pa.....,The trailer looks good...! But don't release the movie please.....
2025-05-01T15:46:24.817294,Can i get 2k like for vikram sir,Can I get two thousand likes for Vikram sir?
2025-05-01T15:46:29.017309,Iam from odisha I am big fan of vikram sir,I am from Odisha and I am a big fan of Vikram sir.
2025-05-01T15:46:33.797898,Chiyanisam is sema thookkal aaha,Chiyanisam is extremely boring.
2025-05-01T15:46:40.695921,1:37 You Kene Tunggu Lama Lagi Untuk Tahu Saya MALAYSIA LANGUAGE,1:37 You're waiting too long to know I'm from Malaysia.
2025-05-01T15:46:44.789750,Very happy to see our lena lena chechi i love you umma umma umma,"Very happy to see our dear sister, I love you, lots of kisses."
2025-05-01T15:46:49.152541,Chiyan vikram sir's heavy trailer.....,Chiyan Vikram sir's intense trailer.....
2025-05-01T15:46:53.958962,Ippo Bigboss vetukulla vikrama anupe asega paduthuvan kamal,"Now, Vikrama is going to trouble Kamal inside the Bigg Boss house."
2025-05-01T15:46:58.695028,mass chiyaan vikramyamaan daakk na yaruu?,"Mass Chiyaan Vikram is a great hero, who can compete with him?"
2025-05-01T15:47:03.449730,This man never gets old,This man never gets old.
2025-05-01T15:47:07.929298,Why dont you make movie relies in hindi.........,Why don't you release the movie in Hindi.........
2025-05-01T15:47:12.538577,Ita yavudu release panna udunga ya,Please wait until the right time to release it.
2025-05-01T15:47:17.325547,I am the chiyaan fan ta,I am the biggest fan of Chiyaan.
2025-05-01T15:47:21.576458,Chiyaan Vikram sir u r awesome sir.u have maintained good physique,Chiyaan Vikram sir you are awesome sir. You have maintained a good physique.
2025-05-01T15:47:26.265448,1:00 LUV U Chiyaan Vikram and LUV U DUKE,1:00 Love you Chiyaan Vikram and Love you Duke.
2025-05-01T15:47:30.123042,Hindi me full movie rielij Karu,Release the full movie in Hindi.
2025-05-01T15:47:34.560755,Indha trailera big bossla podanumnu ninaikkaravunga like pannunga,People who think this trailer should be shown on Big Boss will like it.
2025-05-01T15:47:39.738927,Vikram looks like splinter cell Sam Fisher,Vikram looks like Splinter Cell's Sam Fisher.
2025-05-01T15:47:44.436112,അണ്ണൻ ഉയിർ Love from kerala,Brother Uyir Love from Kerala
2025-05-01T15:47:48.479697,Next ulaga nayagan namma chiyan vikram thaan,The next global hero is our Chiyan Vikram.
2025-05-01T15:47:53.091981,chiyan vikram I and Aprichit movie fans like,Chiyan Vikram and I are fans of the movie Aprichit.
2025-05-01T15:47:59.587713,"Wow Vikram spoke Malay word “You kena tunggu lebih lama lagi,until tahu saya”. Wowww","Wow Vikram spoke the Malay words ""You have to wait longer, until I know."" Wow."
2025-05-01T15:48:05.479209,You kena tungu lebih lama lagi untuk tahu saya... Vikram speak malay....,You need to wait longer to get to know me... Vikram speaks Malay....
2025-05-01T15:48:09.678355,Chiyan vikram sema style waiting for kadaram kondan,"Chiyan Vikram looks extremely stylish, waiting for Kadaram Kondan."
2025-05-01T15:48:14.387362,Ghibran ku aaagavey padam hit aaganum,Ghibran's film must surely be a hit.
2025-05-01T15:48:18.892784,You kena tunggu lebih lama lagi... untuk tahu saya! Masss Chiyaan,You have to wait a lot longer to know me! Mass Chiyaan.
2025-05-01T15:48:23.548949,Is he like anit hero in this film.... But semaya iruku.. Chiyaan ipdi paaka,Is he like an anti-hero in this film? But it looks great. It's nice to see Chiyaan like this.
2025-05-01T15:48:27.496899,when i am seeing vikram here its like john wick,"when I see Vikram here, it's like John Wick."
2025-05-01T15:48:31.584753,Vikram speak malay...you kena tunggu lebih lama lagi untuk tahu saya..,Vikram speak Malay...you have to wait much longer to know me.
2025-05-01T15:48:35.281421,Itha paaka transporter Tamil remake maari iruku,It looks like a Tamil remake of the movie Transporter.
2025-05-01T15:48:39.841424,You kena tungu lama lagi mahu jumpa saya.....last malay language....,You have to wait a long time if you want to meet me.....last Malay language....
2025-05-01T15:48:44.797725,Vikram sir ella costumum ella characterum Unga orutharuku thaan suit akum,"Vikram sir, every costume and every character will suit only you."
2025-05-01T15:48:49.719463,U kena tunggu lebih lama lagi... Untuk tahu saya ...,You have to wait a little longer to know about me...
2025-05-01T15:48:54.017491,Meaning of kadaram kondan is king of Malaysia,The meaning of Kadaram Kondan is king of Malaysia.
2025-05-01T15:48:59.946088,1:06 gibran Vera level,1:06 Gibran Vera level
2025-05-01T15:49:05.991046,Trailer pakka super ah iruku but Rajesh neenga edhutha thungavanam padatha patha dha bayama iruku..,The trailer looks really nice but I am getting scared for the movie Thungavanam you've directed Rajesh.
2025-05-01T15:49:10.748685,Enda nala name ipdi veenaku reemga kadaramkondan enapathu evlo Periya maveeranoda name fuck,"How dare you disrespect the great warrior's name like this, you fucking bastard."
2025-05-01T15:49:14.833292,Hindi version bhi sath aa jaye to mza aa jaye,It will be fun if the Hindi version is also available.
2025-05-01T15:49:19.096085,Still acting like a youngster...Chiyaan Vikram,Still acting like a youngster...Vikram the hero.
2025-05-01T15:49:22.996611,Vera level getup last minute super bro,"Awesome outfit at the last minute, bro."
2025-05-01T15:49:27.323435,Konjam Irumugan Madhiri irukku....All the best.....team,It looks a bit like Irumugan....All the best.....team
2025-05-01T15:49:31.627842,U kena tungu lebih Lama lagi untuk tau saya,You took too long to realize me.
2025-05-01T15:49:35.592843,Super Hit Trailer Love From pakistan Chiyaan Vikram Sir FanS Hit Like Here,"""Super Hit Trailer, Love From Pakistan, Chiyaan Vikram Sir Fans Hit Like Here"""
2025-05-01T15:49:40.201094,Chiyaan semma Love from kerala,Chiyaan is getting immense love from Kerala.
2025-05-01T15:49:44.605260,Vikramuku Indha padam hit kodukum accept pannuravunga like pannunga,Accept that this film will be a hit for Vikram and like it.
2025-05-01T15:49:48.700343,Hindi mein bhi release karo movie,Release the movie in Hindi as well.
2025-05-01T15:49:52.625081,Enth look aado oru raksha ella,"What a look, no protection at all."
2025-05-01T15:49:56.934718,Dia kena tunggu lame lg.. utk tau saya... hhahahahaha,She had to wait so long just to know me... hahahahaha
2025-05-01T15:50:00.810628,You kena tunggu lebih lama lagi untuk tahu saya! Who heard this Malaysians?,You have to wait even longer to know me! Who heard this Malaysians?
2025-05-01T15:50:04.994716,Missed shruti hassan's kadam kondam song.....,"I missed Shruti Hassan's song ""Kadam Kondam""..."
2025-05-01T15:50:09.406231,I like Vikram sir.l want to see him in a joker like character,I like Vikram sir. I want to see him in a joker like character.
2025-05-01T15:50:13.695196,Solid trailer Hindi mein bhi release kar do dub karke Chiyaan vikram fans like here ..,Release a solid Hindi dubbed trailer as well for Chiyaan Vikram fans.
2025-05-01T15:50:17.578448,All d best from all Kannadigas....,All the best from all Kannadigas....
2025-05-01T15:50:23.687491,Kadaram... Enna karumam da idhu FLOP !,"Kadaram... What a shame, this is a FLOP!"
2025-05-01T15:50:28.238405,Plz hindi me v dubbed kijiye .... For We all hindi fan .plzzzzzzzzzz,Please dub it in Hindi as well... For all of us Hindi fans. Please.
2025-05-01T15:50:33.245829,wow Is Movie 3Million View 175k Like Best luck Bikram Sir Fan Likr Here,"Wow, the movie has 3 million views and 175k likes. Best of luck, Bikram Sir. Fan like here."
2025-05-01T15:50:38.057487,but i want karikalachozhan also,but I want Karikalachozhan also
2025-05-01T15:50:44.497760,Ethirpartha alavukku illa...bgm mattama irukku... Why ghibran,I didn't expect this much...the bgm is different...Why ghibran
2025-05-01T15:50:48.856156,Super super super super super super super Vikram variyan da,Super super super super super super super Vikram is amazing.
2025-05-01T15:50:53.216620,Ama Inga enga Kamal Hassan ah kanom,Where is our Kamal Hassan?
2025-05-01T15:51:00.353103,Yen pa idu trending la elha?,"Why is this not trending, dude?"
2025-05-01T15:51:04.393617,Dei Vikram ku trailer mattum nalla pannuvanga da.Ana Padam mokkiya irukum.,"Hey, they only make good trailers for Vikram. But the movie will be excellent."
2025-05-01T15:51:08.685238,Chiyaan Vikram die hard fans like here,Chiyaan Vikram's die-hard fans are here.
2025-05-01T15:51:16.732492,diehard fan of chiyaan vikram,diehard fan of Chiyaan Vikram
2025-05-01T15:51:21.479884,Vaasu yaar adhu aiyo namma mind shruthi hassan pakkam podhe,"Vasu, who is that? Oh my, since Shruti Hassan is on our mind."
2025-05-01T15:51:26.401018,खान तो बहुत थे पर खिलाड़ी बस एक है। the one and only mr. Akshay kumar,"There were many khans, but there's only one player, the one and only Mr. Akshay Kumar."
2025-05-01T15:51:31.164978,sankar sir fans hit like here,"Sankar sir's fans, hit the like button here."
2025-05-01T15:51:35.149602,Semma semma CG AND SEMMA BACKGROUND,Amazing amazing CG and an amazing background.
2025-05-01T15:51:41.502296,"Super but, Not like to see Hollywood level....","Super but, I don't like to see Hollywood level...."
2025-05-01T15:51:47.572289,INDIA'S BIGGEST MOVIE! INDIA'S BIGGEST STARS! SUPER STAR RAJINI KANTH SUPER STAR AKSHAY KUMAR,INDIA'S BIGGEST MOVIE! INDIA'S BIGGEST STARS! SUPER STAR RAJINIKANTH AND SUPER STAR AKSHAY KUMAR!
2025-05-01T15:51:52.632105,Ithella ennada hollywood pado enga aalu siva etuthaaru paarraa vivegam pado athu maari oru pado ungalaala etukka mudiyuma aa,What is all this Hollywood stuff? Our guy Siva has made films like Vivegam. Can you even make a film like that?
2025-05-01T15:51:57.392116,CHITTI RELOADED.. EXPECTATION OVERLOADED,"CHITTI RELOADED.. EXPECTATION OVERLOADED translates to ""Chitti Reloaded.. Expectations are too high"" in monolingual English."
2025-05-01T15:52:02.128083,Appo phone ai thatti vitta sivakumar kandippa akshay kumar oda sleeper cell dhaan..,Then Sivakumar who threw the phone is definitely Akshay Kumar's sleeper cell.
2025-05-01T15:52:07.453246,All best to 2.0 from kannadigas....super star rajani sir,All the best to 2.0 from Kannadigas....Super Star Rajinikanth sir.
2025-05-01T15:52:11.172047,Heat like for Akshay and Rajnikant,It's too hot for Akshay and Rajnikant.
2025-05-01T15:52:14.931097,Trailer na ipdi irukanum! Maasssssss,The trailer should be like this! Awesome!
2025-05-01T15:52:19.969761,Otha Semma happy daa Oru payyen kitte nerunga mudiyadhu Otha haters vaai mudidum,"Oh my god, I'm so happy. I can't stand next to a boy. Haters will shut their mouths."
2025-05-01T15:52:23.203822,Tamil cinema 2.0 vera level la irukku marana mass trailer,"Tamil cinema 2.0 is at another level, the trailer is extremely mass and deadly."
2025-05-01T15:52:27.428271,Mind it Love u rajani sir Love u akshay sir,"Mind it, I love you Rajani sir, I love you Akshay sir."
2025-05-01T15:52:32.067568,Real King Of Indian Cinema Akshay Kumar,The real king of Indian cinema is Akshay Kumar.
2025-05-01T15:52:36.093772,"Irukku, padathula neraya transformers and terminator kadha irukku","Yes, there are many stories about Transformers and Terminator in the movie."
2025-05-01T15:52:40.227510,Jaldi se hindi version mai release karo yar..,"Quickly release the Hindi version, man."
2025-05-01T15:52:44.437250,Graphics sari illa nu solrathukune oru gang suthum parunga,"Just because someone says the graphics aren't good, a certain group keeps circling around."
2025-05-01T15:52:48.635706,"Mairu mari iruku trailer, idhuku teaser thevalam.",The trailer is very nice but a teaser is needed for this.
2025-05-01T15:52:53.118403,VFX mokka Daww sollitu oru group suthittu irukkanunga,"The VFX is bad, dude, and a group is running around saying so."
2025-05-01T15:52:59.138076,2.0 TOH ZERO WHO WILL WIN?,"2.0 versus Zero, who will win?"
2025-05-01T15:53:03.257928,Graphics sari illa nu solrathukune oru gang suthum parunga,"Just because someone says the graphics are not good, look at how a gang is roaming around."
2025-05-01T15:53:07.563208,Graphics sari illa nu solrathukune oru gang suthum parunga,A gang is already forming just because someone says the graphics are not good.
2025-05-01T15:53:12.171180,Graphics sari illa nu solrathukune oru gang suthum parunga,"Just because someone says the graphics aren't good, look how a gang is roaming around."
2025-05-01T15:53:16.319146,Semma trailer Hollywood movie trailer pakara mari ruku,"The trailer looks amazing, just like a Hollywood movie trailer."
2025-05-01T15:53:20.788963,Graphics sari illa nu solrathukune oru gang suthum parunga,"Just because someone says the graphics aren't good, a whole gang is ready to fight."
2025-05-01T15:53:25.687971,Graphics sari illa nu solrathukune oru gang suthum parunga,"Just because someone says the graphics are not good, a whole gang will keep nagging."
2025-05-01T15:53:30.399214,Otha Teaser appo vfx mokkanu pesna dubakuru pasangala ippa vandhu pesunga da paapohm...,"The teaser earlier said the VFX was amazing, now those fake guys are talking nonsense..."
2025-05-01T15:53:36.535844,A big like from Mumbai,A big like from Mumbai
2025-05-01T15:53:40.837434,Graphics sari illa nu solrathukune oru gang suthum parunga,"""Just because they say the graphics are not good, a gang will immediately come to argue."""
2025-05-01T15:53:45.101865,Rajini sir Shankar and akshay Kumar sir hat's off vyara level,"Rajini sir, Shankar and Akshay Kumar sir, hats off to your next level performance."
2025-05-01T15:53:49.239956,Graphics sari illa nu solrathukune oru gang suthum parunga,"Just because someone says the graphics aren't good, a gang is ready to fight."
2025-05-01T15:53:53.346018,Bollywood wale yaha hagne na aye,Bollywood people should not come here to defecate.
2025-05-01T15:53:58.255852,Teaser la irundhadha apdiye trailer la potrukinga...avlo lam nalla ila.. So sad,The teaser was directly put into the trailer... It's not that nice... So sad.
2025-05-01T15:54:02.328881,"What a trailer, indian cinema va vera level ku kondupoga poguthu intha film Akshay kumar vera level Superstar","What a trailer, Indian cinema is reaching another level, this film Akshay Kumar is a superstar on another level."
2025-05-01T15:54:06.078173,Looks like power rangers spd emergency,It looks like a Power Rangers SPD emergency.
2025-05-01T15:54:10.639991,Biggest Fan Of Akshay Kumar From Australia Hit Like For Superstar Rajinikant & Superstar Akshay Kumar,"The biggest fan of Akshay Kumar from Australia, hit like for Superstar Rajinikanth and Superstar Akshay Kumar."
2025-05-01T15:54:14.941886,Thalapathy fans like Sarkar diwali like here,Thalapathy fans are here like it's Diwali for the movie Sarkar.
2025-05-01T15:54:19.248695,Super Star soldra WOOOW Vera Level la iruku superrrrrb,"Super Star is coming, WOW it's at another level, superb."
2025-05-01T15:54:23.482361,Video game trailer or movie trailer? RRR fans like here!,Video game trailer or movie trailer? RRR fans like here!
2025-05-01T15:54:27.754955,Hollywood movie vida vera level la eruku sir. Shankar sir it's awesome,"This Hollywood movie is on another level, sir. It's awesome, Shankar sir."
2025-05-01T15:54:31.764945,Dei Antha Paravaya paathale mersal ah irruku da,"Hey, that Paravaya looks very impressive."
2025-05-01T15:54:35.745743,Last gun sound in headphone ku ku,The last gun sound in the headphones is irritating.
2025-05-01T15:54:40.483230,ONE WORD : MASTERPIECE THANKYOU SHANKAR SIR FOR VFX TREAT,"One word: masterpiece. Thank you, Shankar Sir, for the VFX treat."
2025-05-01T15:54:44.349010,Power rangers maadhiri eduthu vachirukinga,You have taken it like Power Rangers.
2025-05-01T15:54:48.306518,I'm Chitti Reloaded version 2.0,I'm Chitti Reloaded version 2.0
2025-05-01T15:54:52.233826,Wow semma mass varthaiye illa therikkuthu,"Wow, such powerful words are not easily understandable."
2025-05-01T15:54:56.440172,Superstar Akshay Kumar & Superstar Rajinikant Fans Hit Like.. Support All The Version,Superstar Akshay Kumar and Superstar Rajinikant fans hit like and support all the versions.
2025-05-01T15:55:01.266911,Omg omg. Mind-blowing. Awesome. Enaku solla varthee varala. Avloo super..,"Oh my god, oh my god. It's mind-blowing. Awesome. I don't have words to express. It's that super."
2025-05-01T15:55:06.919777,Mokka ah irukkum nu confirn pannittenga,They confirmed that it will be bad.
2025-05-01T15:55:11.209459,Enna Da Bomma padam maathiri irukuthu,"What a movie, it's just like Bomma."
2025-05-01T15:55:15.294540,Sema Tamil cinema Into a Next level,This Tamil cinema is going to the next level.
2025-05-01T15:55:20.481287,concrete suvara odachittu pora alavu entha companyda mobile vachirukanga? enaku oru mobile venum...,How much concrete is being poured for the company's mobile? I need a mobile...
2025-05-01T15:55:24.781740,Irungada ! Nalla rewind panni pathukuren ! Ethe pakanumnu terle ..beyond words !,"""Wait! I'm rewinding it nicely! I don't know what to see... it's beyond words!"""
2025-05-01T15:55:30.321511,The long wait is over. Thalaivaaaaaa! !,The long wait is over. Leader!
2025-05-01T15:55:34.813604,Vera level... Thalaivar AR rahman,Next level... Leader AR rahman
2025-05-01T15:55:38.700074,virtual reality la uta naangalum veetlayey 3d la papom la !,Let's watch a 3D movie at home in virtual reality!
2025-05-01T15:55:43.595134,"Waiting to see this on screen fdfs but thalaivar padatha enaiku fdfs olunga paakurathuku, but enna aanalum naan paapen","I'm waiting to watch this on the first day first show, but to watch the leader's movie properly on the first day first show, whatever it is, I will watch."
2025-05-01T15:55:48.122029,Akshay kumar voice kevalama iruku tamil version la,Akshay Kumar's voice does not match well in the Tamil version.
2025-05-01T15:55:52.440567,Anyone here after zero,Is anyone here after zero?
2025-05-01T15:55:59.494753,Vera level da daiiiiiii... Marana mass....,Next level dude... It's super awesome...
2025-05-01T15:56:03.106456,Wow....... Ak is looking.... Very dangerous.... ...,Wow...... AK is looking very dangerous......
2025-05-01T15:56:07.174620,Ek building aur ek field..pe hi puri film dikha diya..lol,They showed the whole film in just one building and one field..lol
2025-05-01T15:56:11.271188,RIP Baahubali 2000 CRORE movie loading .............,"Rest in peace Baahubali, the 2000 crore movie is loading."
2025-05-01T15:56:15.481990,Super star fans hit like here,Super star fans hit like here
2025-05-01T15:56:20.146632,Super star Rajini fans hit like,Super star Rajini fans hit like
2025-05-01T15:56:25.205879,Sema look VFXvara lavel iam thalapathi veryan,"The look is amazing, the VFX level is very high, I am a thalapathi (leader)."
2025-05-01T15:56:30.141001,Indiaka hi nahi world kabhi Record brock hone wala h Like karo jo jo aisa chahta h,Now not only India but the whole world will break records. Like if you want the same.
2025-05-01T15:56:33.417602,Wonderful movie akshay Kumar fans like here,This is a wonderful movie for Akshay Kumar fans here.
2025-05-01T15:56:37.557961,2.01 akshay kumar fans hit like.,2.01 Akshay Kumar fans hit like.
2025-05-01T15:56:43.576050,Ye kya raita bana diya bhai.. isse achha animation movie bana dete,What nonsense is this bro.. it would have been better to make an animation movie
2025-05-01T15:56:47.868660,Rajini ah vida akshay mass ah irukane,Akshay is more massy than Rajini.
2025-05-01T15:56:52.334552,"Sankar sir, padam trailer mathiri illama irunthaa sari....","Sankar sir, the movie is not at all like the trailer, that's fine...."
2025-05-01T15:56:56.715062,Vfx ah paaaru daa SUPERSTAR,"Look at the VFX, it's amazing, Superstar."
2025-05-01T15:57:00.891183,Antha kaalaththu Taiwan video games maathiri irukku.. kodumai,Those days were like Taiwan video games.. it's cruel.
2025-05-01T15:57:06.158375,Last Battle feels like Power Rangers SPD.,Last Battle feels like Power Rangers SPD.
2025-05-01T15:57:10.239041,Crt time la vidama yenya ippadi panringa,Why are you doing this at the wrong time?
2025-05-01T15:57:14.563268,Semmaa maasss. Shankar proud of tamil .,"Awesome, great. Shankar is proud of Tamil."
2025-05-01T15:57:18.732868,Troll Pananlam nu vantha... Content'e Kidaikalaye paaa.... Awesome By Today Trending Team,Trolls came to criticize... But couldn't even find the content... Awesome By Today Trending Team
2025-05-01T15:57:22.841986,Kanna Rajini rage Innum paakalaye....IPpo paarunga,"Kanna, Rajini is still angry...Now see for yourself."
2025-05-01T15:57:26.759887,Vera levellllllllllllll all the best shankar sir ur a legend,"Amazing level, all the best Shankar sir, you're a legend."
2025-05-01T15:57:31.706785,Silirkavachutinga thalaiva Vera level thalaiva.... great job Sankar sir ...,"""Keep shining, leader. You're on another level, leader. Great job, Sankar sir."""
2025-05-01T15:57:36.410299,Woowww Teaser'ah pathutu katharana haters'ku elaruku RIP,"Wow, after seeing the teaser, all the jealous haters can rest in peace."
2025-05-01T15:57:40.730410,Indian tamil film next level poga podhu,Indian Tamil films are reaching the next level.
2025-05-01T15:57:45.504434,Thalapathy vijay fans ...here ..hit like ...nanba nanbigal,"Thalapathy Vijay fans, hit like here, my friends."
2025-05-01T15:57:49.544555,Teaser pakumbodhu mokkaiya iruku nenachu *trailer vera level,"When I saw the teaser I thought it was rubbish, but the trailer is on another level."
2025-05-01T15:57:53.671608,Namma tamil cinema vooda getha kattanum,Our Tamil cinema should rise even higher.
2025-05-01T15:57:57.967606,Comments pakka vandha nanba nanbi gal like pannitu pooga Trailar supper,"The comments are pouring in friends, girls and boys, keep liking and sharing, the trailer is superb."
2025-05-01T15:58:04.242048,Pride of Indian Cinema Superstar Rajinikanth,The pride of Indian cinema is Superstar Rajinikanth.
2025-05-01T15:58:09.791801,Don’t forget to kill the like button,Don’t forget to hit the like button.
2025-05-01T15:58:13.754025,wah Bhaii Wahhh Akshay Sir,Wow bro wow Akshay Sir
2025-05-01T15:58:17.789877,Super star fans hit like waiting,"Superstar fans, hit like while waiting."
2025-05-01T15:58:22.624683,dai romba comedy aa iruku... pavam lyca 500 Kodi ya...,"Hey, it's so funny... poor Lyca, 500 crores..."
2025-05-01T15:58:28.066752,Shankar g Hollywood level padam edukuringa ana logic yenga,Shankar is making Hollywood level movies but where is the logic
2025-05-01T15:58:32.439697,Dei..ennada graphics idhu..sakthiman maari pesran akshay kumar,Hey..what is this graphics..Akshay Kumar is talking like Shaktimaan.
2025-05-01T15:58:36.468277,This is some awesome bgmmmmFeela like world is in real danger,This is some awesome background music that makes it feel like the world is in real danger.
2025-05-01T15:58:40.776711,Vfx pathi ippo pesungada Hollywood sambranigala,Now let's talk about the Hollywood experts regarding VFX.
2025-05-01T15:58:44.684003,Tamil cinema is hai fai NOW,Tamil cinema is high five now
2025-05-01T15:58:48.591515,Wow vera level thank u sankar sir,"Wow, amazing level. Thank you, Sankar sir."
2025-05-01T15:58:52.404569,Super Star fans hit liks.... Vera Level....,Super Star fans are hitting likes at an incredible level....
2025-05-01T15:58:56.187186,Kya ye movie hindi m aayegi...,Will this movie release in Hindi...
2025-05-01T15:59:00.888551,Ithanda nijamana verithanam.. Vijay fans lam oram po,This is the real truth.. Vijay fans are going crazy.
2025-05-01T15:59:05.808941,Kolla massss . . Namaku thevaiyanadhu namba dhan adichu vaganum Vera level thalivaa,"Cool, that's awesome. . What we need is to believe in ourselves and achieve it. You're a next-level hero."
2025-05-01T15:59:10.570943,"Vettu kuthu thavirthu vera mathiri story varadha, vetrimaaran., Ketta vartha illadha varaikum happy..,","Until the story changes to something different and violent, happy as long as there's no bad news, Vetrimaaran."
2025-05-01T15:59:15.163889,Ratho dha sauce Mari irukku mathapadi trailer Vera lvl,"The sauce is really spicy, but the trailer is at a different level."
2025-05-01T15:59:19.443721,Danush + vetrimaaran = super hit movie,Danush and Vetrimaaran together make a super hit movie.
2025-05-01T15:59:24.411542,kolaveri thoondugira padam edhukku edukaran? ivan kasu parthuduvan; mathavan vettikittu savanunga. Pannadaigal!,Why are they making a film about the murderous rage trend? This guy will just look at the money; the other guy will kill and die. Such nonsense!
2025-05-01T15:59:28.824456,Etho onnu miss aguthu pa... etho onnu,Something is missing... something is missing.
2025-05-01T15:59:34.200233,THE BEST COMBO IN KOLLYWOOD.... DHANUSH-VETRIMARAN-GV PRAKASH,"The best combination in Kollywood is Dhanush, Vetrimaaran, and GV Prakash."
2025-05-01T15:59:37.966028,Namma ooru screen LA semaya irukku,Our town looks beautiful on the screen.
2025-05-01T15:59:43.155725,Bgm viswasam movie odathu mathiri iruke... Athula fast uh irukaratha ithula gvp slow panni potrukan,"The BGM of Viswasam movie is not like usual, he usually does fast tracks but in this GVP has made it slow."
2025-05-01T15:59:47.900094,0:30 Dunkirk music copy adichirukkan GV Prakash,"At 0:30, GV Prakash copied the music from Dunkirk."
2025-05-01T15:59:53.251649,Movie booking pananu think panavaga like panuga,"When I think about booking a movie ticket, I really like it."
2025-05-01T15:59:57.090353,Looks like superstar thalaivar at 0:23,Looks like superstar leader at 0:23.
2025-05-01T16:00:01.409309,Wrong casting manju warrier.danush sir.....bad casting,The casting of Manju Warrier and Dhanush sir is wrong... it's bad casting.
2025-05-01T16:00:06.743011,"Yov teejay, gowtham menon range ku album pannitu indha kamunattinga kita matikitaye da","Hey Teejay, you made an album in Gowtham Menon's style and now you're messing with these commoners."
2025-05-01T16:00:11.164134,Asuran movie vetri pera congratulation to thala fans,Congratulations to Thala fans for the success of the movie Asuran.
2025-05-01T16:00:16.155628,Paraiyanaaagaa piranthathil perumai kolkirann . Enga ananaa Jai kka Evan daa irukkan,I am proud to be born as a drummer. Where is our brother Jai?
2025-05-01T16:00:20.354536,Ootha antha oscar ah yeduthuttu vandhu asuran- kaala vaiyungaadaaaa,"Get that Oscar and bring it for Asuran-Kaala, please."
2025-05-01T16:00:24.371238,Idhulayum jaadhi ya kondu vandhuteengala da Thu,"You have brought caste into this as well, Thu."
2025-05-01T16:00:28.979811,Am thalapathy veriyan Anna asuranuku marana waiting,"I am a die-hard fan of Thalapathy, waiting eagerly for the movie Asuran."
2025-05-01T16:00:33.305213,Mirandutan da dei. Vera level bgm,"Miranda is amazing, man. The background music is at another level."
2025-05-01T16:00:37.420722,Veralevel performer Dhanush sir,Dhanush sir is a versatile performer.
2025-05-01T16:00:42.441384,konjam fast ah play panuna kaththi theme music mathiri irukuthu indha bgm. enaku matum than apdi thonudha ?,This BGM sounds like the Kaththi theme music if played a little faster. Does only I feel that way?
2025-05-01T16:00:46.412688,Manju looks like Kanmadham character,Manju resembles the character Kanmadham.
2025-05-01T16:00:51.635726,Namma kita kaadu iruntha eduthukidu vanunga Rooba iruntha pudingi kuvanuva Namma kitta irunthu PADIPPA maatum avangalala eduka mudiyathu chithambaraov,"If we have the forest, take it and come. If there are rubies, dig and take them. But they can never take our education away from us, Chithambaraov."
2025-05-01T16:00:57.370496,I m waiting for u Thalaiva va sekrama screen la va Thalaiva dhanush,"I am waiting for you Thalaiva, quickly bring Thalaiva Dhanush to the screen."
2025-05-01T16:01:03.461058,Nadigar dhanush mass... I am waiting,Actor Dhanush is amazing... I am waiting
2025-05-01T16:01:08.032972,Vetrimaaran+gv+dhanush anna vera level combo nu marubadiyum prove pannitanga,"Vetrimaaran, GV, and Dhanush have once again proved that they are an extraordinary level combo."
2025-05-01T16:01:13.932436,SaNa ah Irunthuruntha Vera Level la BGM Irunthurukum!,The background music would have been at another level if SaNa was there!
2025-05-01T16:01:17.514061,Padippu irutntha evanalyum onnum pudunga mudiyathu mass.,"Studying is always important, you shouldn't neglect anything my friend."
2025-05-01T16:01:21.476713,Ennpa G.V Nkp Bgm Manasula Vanthutu pokuthu,"""Bro, G.V's BGM is lingering in my mind."""
2025-05-01T16:01:25.221790,Apo Ennai Nokki Payum thotta,Then Ennai Nokki Payum Thotta started.
2025-05-01T16:01:29.356181,National award varanum naa like pannuka,"I want the national award to win, you should like it."
2025-05-01T16:01:33.725914,1.5M views in 60min அம்மோவ்,"1.5 million views in 60 minutes, amazing."
2025-05-01T16:01:37.711525,I am waiting mar an sir,I am waiting for you sir.
2025-05-01T16:01:43.097257,Indha cinemaavukkaaha sollala sinna paya makkaa.. SINDHIYUNGAL Andha oruvandhaanda Seeman...adha payan padithikka solraangha puriyudhaa....thamizha?,"""Don't tell me this movie is for little kids... SINDHIYUNGAL is about that one person, Seeman... they say he's making the boy study... do you understand... Tamil?"""
2025-05-01T16:01:47.258296,Elam ok pa Sneha enga?,"Everything is fine, where is Sneha?"
2025-05-01T16:01:51.384258,Vetrimaran sir plzz vijay & surya vechi padam pannunga,Vetrimaran sir please make a movie with Vijay and Surya.
2025-05-01T16:01:55.952285,Ilaiya super star Dhanush mass fli film..... Asuran coming an meratal in Tamil nadu....,The young superstar Dhanush's mass action film Asuran is coming in Tamil Nadu.
2025-05-01T16:02:00.250034,"Ennangada ithu viswasam bgm kekuthu,",What is this? I'm listening to Viswasam's BGM.
2025-05-01T16:02:05.157498,Sa Na kita koduthurukalam.gv thaan acting la pooitarula . Dear vm pls give sana dhanush combo .,"Sa Na has given us a great performance. GV is the best in acting. Dear VM, please give us a Sana Dhanush combo."
2025-05-01T16:02:09.964671,Super but 5.2K haters mental pu.....,Super but 5.2K haters are mentally weak.
2025-05-01T16:02:14.782656,Nejamavae sema trailer..... Dhanush-vetrimaaran....... Kalaiyum kaviyum vivasayathin paguthi puthumai padappu... Asuran....,"""The trailer is truly amazing..... Dhanush and Vetrimaaran....... A new and unique cultivation of art and poetry in cinema... Asuran...."""
2025-05-01T16:02:19.261855,Keel jaadhi mel jaadhi fight asusual,The fight between lower caste and upper caste is as usual.
2025-05-01T16:02:23.563484,Song than nkp la ketta maari irukku,The song sounds exactly like the one from NKP.
2025-05-01T16:02:29.088898,Asurathanamaana acting padathula paatha apram varavanga mattum like pannunga pa Vera level verithanam nanpa,"After watching such cruel acting in the movie, people will only pretend to like it, but the real level of nonsense is extreme, my friend."
2025-05-01T16:02:33.027107,Trending la vantha mass ah erukum,It's going to be a huge hit when it's trending.
2025-05-01T16:02:36.322655,DHANUSH vera level performance in ASURAN.....,DHANUSH gave an outstanding performance in ASURAN.
2025-05-01T16:02:41.386764,waiting vadachennai 2 ku next project start pannunga romba aaval la irukku,"I can't wait for Vadachennai 2, please start the next project quickly, I'm so excited."
2025-05-01T16:02:45.176547,Our Lady Super Star Manju Warrier,Our Lady Super Star Manju Warrier
2025-05-01T16:02:50.127396,Kv anandh sir surya sir fan sangada paduvanganu ninainga... Kappan trailer than soona sir,Kv Anand sir and Surya sir thought the fans would watch the movie together... The Kappan trailer is out soon sir.
2025-05-01T16:02:54.183930,Dhanush Vishal Jayamravi Lov from kerala,"Love from Kerala to Dhanush, Vishal, and Jayam Ravi."
2025-05-01T16:02:58.734047,Dhanush's Swag Just Awseome .. Nammaku thevaiyanathu naamatha aaduchu vaanganum ..,Dhanush's swag is just awesome. We need to achieve what we want by ourselves.
2025-05-01T16:03:03.268288,"Pwoli pwolii . Dhanush, vetrimaaran, Manju warrier","Awesome, awesome. Dhanush, Vetrimaaran, Manju Warrier."
2025-05-01T16:03:08.318158,Verithanam... paaahhhh.....polladhavan aadukalam vada Chennai ah vida payangarama iruku.... BGM.. paaahhhh,Truly... wow... Polladhavan and Aadukalam are more terrifying than Vada Chennai... The background music... wow...
2025-05-01T16:03:12.594062,Vetri anna ungla la matum than enga dhanush anna va vera vera dimetiontionla katta mudiyum realy hat's of anna,"Only Vetri anna can showcase our Dhanush anna in different dimensions, really hats off anna."
2025-05-01T16:03:16.897806,"Dai enada ithu thaarumara irukku, Vetrimaran Dhanush once again proved.","Hey, why is this so amazing, Vetrimaran and Dhanush have once again proved it."
2025-05-01T16:03:23.096910,Aasuran based on novel named vekkai by poomani.,Aasuran is based on the novel named Vekkai by Poomani.
2025-05-01T16:03:27.303560,Intha kaapan fans Inga vanthu comedy pannitu irukanga,The Kappan fans have come here and are making jokes.
2025-05-01T16:03:31.335389,Vetri ne dhanusha pudiche thongitu iru....,Vetri is holding the bow and arrow.
2025-05-01T16:03:36.192639,0.42 @viswasam theme music Mari feel pannuvanga like pannunga Bgm ratchasan and viswasam rendu collaborate panna Mari iruku,0.42 people will feel the theme music of Viswasam like BGM Ratchasan and Viswasam are collaborating.
2025-05-01T16:03:40.418407,Idha pathutu road la students kathi vaichi kitu sanda poduvanunga,"After seeing this, the students will gather with knives on the road and start fighting."
2025-05-01T16:03:44.643848,Dai yenna daa padam edhuthu vachu erukinkaaa otha vetrimaran ahaa adichuka ale Ella pooo,"Hey man, what kind of movie have you made, Vetrimaran? You've completely knocked it out of the park, everything is amazing."
2025-05-01T16:03:48.862921,Who feeled viswasam bgm...in between ...?,Who felt the background music of Viswasam in between...?
2025-05-01T16:03:53.846893,Plssssss intha diwali ku movie a release pannuga naan dhanush anna oda periya paithiyaran fan...,Please release the movie for this Diwali. I am a huge fan of Dhanush Anna.
2025-05-01T16:03:57.743428,Padippa Mattum namba kitta irundhu parikka mudiyadhu!,We can't just expect education to come to us!
2025-05-01T16:04:01.870829,Compare to kappaan Aduran is winderfull,"Compared to Kappaan, Aduran is wonderful."
2025-05-01T16:04:06.443949,Dhanush annanuiku national award ready pannuinka,Get Dhanush ready for the national award.
2025-05-01T16:04:10.560641,Vera level la irukkey trailer.. Padam therikkapothu,The trailer is at another level.. I'm excited for the movie release.
2025-05-01T16:04:14.323052,nkp theme mathri iruku sngum apdtha iruku,The NKP theme is like a song and it looks like that.
2025-05-01T16:04:18.234438,అన్నయ్య.... తెలుగు లో కూడా చేయండి అన్నయ్య... మూవీస్ ప్లీజ్ అన్నయ్య,Brother... please do it in Telugu too brother... movies please brother
2025-05-01T16:04:22.703787,Paddipa onnu mattum namba kitta avanuga pudunga mudyathu da chidambaram,"Just believe in Paddipa, Chidambaram, no one else can defeat you."
2025-05-01T16:04:27.049697,Music Verithanam nu Solravanga Oru Like ah podunga,"""Those who say the music is awesome, please give it a like."""
2025-05-01T16:04:33.574764,Massss sir semma trailer eppo movie pakka poram,When will the movie release sir the trailer is awesome.
2025-05-01T16:04:37.674455,Bgm kekka nerkonda paarvai bgm maariye irukkeeee,The background music is playing with a steady gaze like the background music itself.
2025-05-01T16:04:41.696483,Vera level trailer padam masssa irukum confirm,"The trailer is amazing, the movie will definitely be super."
2025-05-01T16:04:45.883925,GV prakash phhhhh BGM vera level thalaivaaaaaaaaaaa,"GV Prakash's background music is absolutely amazing, my hero!"
2025-05-01T16:04:49.806555,congrats vetri maaran & dhanush.....,Congratulations Vetri Maaran and Dhanush.
2025-05-01T16:04:54.018073,Subscribers kammiya iruku adhanala views konjam kammiya iruku,"The number of subscribers is low, so the views are also a bit low."
2025-05-01T16:04:58.065314,Sorry bha ... Plz konjam yellam othungu ... Asuran vanthachi verithaname intha padam than,"Sorry bro... Please bear with me for a while... The movie Asuran is truly amazing, this film is outstanding."
2025-05-01T16:05:02.309982,"Inoru Tirunelveli base movie , vettai nai la ipamachi cinema la kamikurathy nala iruku","Another Tirunelveli based movie, the hunting dog in the Ipamachi cinema looks good."
2025-05-01T16:05:05.844335,Thalaiva.... I am waiting,Leader... I am waiting
2025-05-01T16:05:10.196718,Thala I am waiting... ana dhanush...,Brother I am waiting... but Dhanush...
2025-05-01T16:05:16.143464,Namakita kadu iruntha eduthupanga..panam iruntha pudingipanga..padipu matum eduthakve mudiyathu...dialogue sema,"If you have knowledge they will take it away, if you have money they will loot it, but they can never take away your education. The dialogue is awesome."
2025-05-01T16:05:20.445591,Ilam dhanush colour black vintage kaatuthu yaaru yaaru note panninga,"Young Dhanush's black vintage look is amazing, who all are noticing?"
2025-05-01T16:05:24.897116,332k likes to go lifetime record aa 500k like kondu varanum #Dhanushveriyan,"332k likes, need to reach the lifetime record of 500k likes #Dhanushveriyan."
2025-05-01T16:05:29.262386,Dhanush Anna Maas solldravanga like podunga,"Brother Dhanush, please like the video that you have shared."
2025-05-01T16:05:34.057223,Danush +Vetrimaran+GV Antha award lam eduthu vaingada vanga varanga...,"Danush, Vetrimaran, and GV, bring that award home, come quickly..."
2025-05-01T16:05:38.356754,Love you Thalaiva,"I love you, leader."
2025-05-01T16:05:42.453558,Vetri maaran sir veralevel maasss &Danush Anna acting woww,Vetri Maaran sir is excellent and Dhanush Anna's acting is wow.
2025-05-01T16:05:47.014470,I think dislikers is simbu fan,I think the dislikers are Simbu fans.
2025-05-01T16:05:50.831253,1.18 teejay Yaar Ellam kavanichinga fans like here,1.18 teejay who are all thinking fans like here
2025-05-01T16:05:54.944074,Mass thalaiva Dhanush Anna vera level,Mass thalaiva Dhanush Anna is on another level.
2025-05-01T16:05:59.348402,Mass thalaiva Dhanush Anna vera level,Mass leader Dhanush Anna is on another level.
2025-05-01T16:06:03.226813,Dislike podura alavaku intha trailer yathum illa so,I haven't seen any trailer to dislike at this level.
2025-05-01T16:06:08.258587,Ivan la oru aala ivan la oru moonjiyaa nu ketaanga...ana inaikku danush engayo irukaaru...,He was asked if he was a fool or a face...but today Danush is somewhere else...
2025-05-01T16:06:12.070497,That Bgm is lit... Marana waiting thalaivaaaaa,"That background music is amazing... I'm eagerly waiting, boss."
2025-05-01T16:06:15.804946,Thaliva ni vera Laval... Love you anna,"Leader, you are truly amazing... Love you, brother."
2025-05-01T16:06:20.224565,Sekkiram release pannukappa nallapadam parthu nalachi.,Release it quickly after seeing the good result.
2025-05-01T16:06:26.369652,10.5 m 3 clock kulla varuma,Will you come within 10.5 meters at 3 o'clock?
2025-05-01T16:06:30.581032,THALA fans faster 1m likes varanum 4 days achi wat happen,"THALA fans need to reach 1 million likes faster, it's been 4 days already, what's happening?"
2025-05-01T16:06:37.782197,ippo intha trailer ah parkuravana oru like podunga,"Now, those who are watching this trailer, please give a like."
2025-05-01T16:06:41.977815,Morning lindhu trailer pathuttu yavalo comment likes checkpannite erukravange like podunge,"From morning onwards, those who are watching the trailer and checking the comment likes, please put a like."
2025-05-01T16:06:46.029106,neraya neraya neraya neraya neraya neraya.,many many many many many many.
2025-05-01T16:06:50.321141,Epo yaralaa trailer pathuttu erukinge like podunge,When did you see the trailer and why are you liking it so much?
2025-05-01T16:06:55.902380,viswasam Ku irundha opening iduku illa y.still only 10 M.viswasam trailer 14 M in one day.edo onu miss aavudu,"The opening for Viswasam was not like this, still only 10 million. The Viswasam trailer got 14 million in one day. Something is missing here."
2025-05-01T16:07:00.459757,Bhai jo mera channel subscribe karega me uska channel subscribe karunga,"Brother, whoever subscribes to my channel, I will subscribe to their channel."
2025-05-01T16:07:04.428967,pls hindi me dubbed krna kyu ...,please dub it in Hindi why...
2025-05-01T16:07:08.994608,Ajith amma koothi Surya fan da,Ajith is mother's brother's son Surya's fan.
2025-05-01T16:07:12.654048,Ajith amma koothi Surya da,Ajith's mother is Surya's sister.
2025-05-01T16:07:16.619976,Ajith pundai waste Surya anna mass,"Ajith is garbage, Surya brother is awesome."
2025-05-01T16:07:20.435820,Ajith kumar mutta punda nadippin nayakan tha king,Ajith Kumar is a great hero who walks like a king.
2025-05-01T16:07:24.574042,Ajith punda mavan surya anna kitta nerunga mudiyath,Ajith's son can't stand in front of Surya.
2025-05-01T16:07:28.871308,Thala Vellhai mudi parthu parthu salichi pochupa......,The boss got tired and started sleeping after looking at the snow for a long time.
2025-05-01T16:07:32.467059,thanga tamil mannan enga thala daa,"Where is our golden Tamil king, leader?"
2025-05-01T16:07:37.055757,Ajith kummar thevidiya mavan avA ammave okkanum,"Ajith Kumar, the devoted son, should take care of his mother."
2025-05-01T16:07:42.250571,thala yoda nalla manasuku ellaamay nallathavay nadakum 2019 mega blockbuster Movie nkp thaan ithula entha santhegamum kidaiyathu,"The good-hearted Thala will ensure everything goes well in the 2019 mega blockbuster movie Nkp, and there is no doubt about it."
2025-05-01T16:07:46.342352,Thala yoda dialogue delivery ovvonrum sema mass ah iruku goosebumps overloaded,"The hero's dialogue delivery is extremely awesome, giving me goosebumps overload."
2025-05-01T16:07:50.496388,enna mathiri thala veriyarkal oru like podunga,Please like like crazy fans.
2025-05-01T16:07:55.204035,Marana waiting for nkp fdfs ku,I'm eagerly waiting for NKP's FDFS.
2025-05-01T16:07:59.683978,pangaaligala trending no 1 ku kondu vaanga,Bring the celebrations to number one in trending.
2025-05-01T16:08:04.594497,need combination of thala mohanlal or pavan kalyan,I need a combination of Thala Ajith or Mohanlal or Pavan Kalyan.
2025-05-01T16:08:08.711971,Thala Solla Vaarthaiye Illa Vera Level....,"The leader has no words, it's just another level...."
2025-05-01T16:08:12.923831,Idhe velaiyaga iruppavargal Inge like podunga,Those who are free now should like here.
2025-05-01T16:08:17.476180,naan thala veriyandaa Thala patthi evanavathu thappa pasuninga sanga aruthiruven,"I'm a die-hard fan of Thala, and I'll break the legs of anyone who talks nonsense about him."
2025-05-01T16:08:23.357982,U1 bgm vere level solluravnge like podunge,"The U1 background music is at another level, those who praise it, just like it."
2025-05-01T16:08:27.791795,Thala naa Mass Thala naa Class Thala naa Gethu daa,"The leader is mass, the leader is class, the leader is style."
2025-05-01T16:08:32.342263,ithu tamil nadu ella ithu enga thala nadu daa,"This is not Tamil Nadu, this is our leader's land."
2025-05-01T16:08:36.650199,Thala yoda last dialog sema mass Vera level nu soldravanga oru like pannunga,"People who say Thala's last dialogue is super cool and next level, please give a like."
2025-05-01T16:08:40.943517,Paathute iruken marubadiyum marubadiyum Avlo pudichiruku only for thala nd U1,"I'm watching it again and again, I like it so much only for Thala and U1."
2025-05-01T16:08:44.932645,Thala yoda look sema mass nu soldravanga oru like pannunga,"People who say that Thala's look is very stylish, please give a like."
2025-05-01T16:08:49.068174,Thala pola varuma Thala eppavume mass Vera level,Will the boss come like a boss? The boss is always at another level of mass.
2025-05-01T16:08:52.657974,Ethana Peru pathutrikkinga inga like pannunga,"How many names are you checking here, please like them."
2025-05-01T16:08:56.549113,"Innum neraya neraya nerya, neraya views varanum.... Thala Rock","Still need many, many, many, many more views... Thala Rock"
2025-05-01T16:09:01.015372,Ena pa ipdi iruku Vera level..,Why is it like this? It's on another level.
2025-05-01T16:09:06.297492,can not wait for thala movie ................v love thalaaaaaaaaaaaaaaaaaaaaaaaaaaaaaaaaaaaaaaaaaaaaaaaaaaaaaaaaaaaaaaaaaaaaaaaaaaaaaaaaaaaaaaaaaaaaaaaaaaaaaaaaaaaaaaaaaaaaaaaaaaaaaaaaaaaaaaaaaaaaaaaaaaaaaaaaaaaaaaaaaaaaaaaaaaaaaaaaaaaaaaaaaaaaaaaaaaaaaaaaaaaaaaaaaaaaaaaaaaaaaaaaaaaaaaaaaaaaaaaaaaaaa,I cannot wait for Thala's movie. We love Thala.
2025-05-01T16:09:10.352247,Trending Singapore no 1 India no 2 Sri Lanka no 2 Malaysia no 3 Rocking.........,"Trending Singapore number one, India number two, Sri Lanka number two, Malaysia number three, rocking."
2025-05-01T16:09:14.716700,Reached 10m views superb Thala always mass Vera level enum neraya neraya neraya neraya neraya .,"Reached 10 million views, superb Thala always mass, a whole other level, many many many many many."
2025-05-01T16:09:18.428695,10.1M Views with 771k likes,10.1 million views with 771 thousand likes.
2025-05-01T16:09:24.279500,Need 29k to make it 800k likes ....,I need 29 thousand to make it 800 thousand likes.
2025-05-01T16:09:28.387683,#1 trending in #Srilanka #3 trending in Malaysia #9 trending in India,"Number one trending in Sri Lanka, number three trending in Malaysia, number nine trending in India."
2025-05-01T16:09:32.916508,Daily 25 time pathalum puthusa pakura mathiri than irukku. Thala acting yuvan music sema,"Even if you watch it 25 times a day, it still feels fresh. Thala's acting and Yuvan's music are amazing."
2025-05-01T16:09:37.053695,love status luka chuppi movie song edit & support,Romantic status from the movie Luka Chuppi song edit and support.
2025-05-01T16:09:42.812217,Tharamana sambavam irukku Aug 10 annaikku wait,"There is a great event happening on August 10th, wait."
2025-05-01T16:09:46.869204,Sarkar kitta kooda nerunga mudiyala just 10million views,I can't even stand near Sarkar with just 10 million views.
2025-05-01T16:09:51.086117,Who is best trailer...? Nerkonda paarvai Sindhubaadh,Who has the best trailer...? Nerkonda Paarvai or Sindhubaadh?
2025-05-01T16:09:54.694975,Dailyum Thala ya pakkama irukka mudiyala,I can't be away from Thala every single day.
2025-05-01T16:09:58.819416,NKP TRAILER SUCCESSFULLY REACHED 10 MILLION VIEWS,NKP TRAILER SUCCESSFULLY REACHED 10 MILLION VIEWS.
2025-05-01T16:10:04.885291,many many many many many many,many many many many many many
2025-05-01T16:10:09.076029,Innum Niraya Niraya Niraya Niraya M Thevai pangaaligala,"We still need so many, many, many, many M people."
2025-05-01T16:10:13.586353,Pangalingala Nalaiku Namaku energy venum so Ellarum poi thoongunga good night ‍‍‍‍‍‍,Tomorrow we need energy so everyone go and sleep good night.
2025-05-01T16:10:18.144089,Views innum neraya neraya neraya neraya irukanum all thala fans no 1 trending la thirumbiyum poyiralaam,The views should increase more and more and all Thala fans must return to number one trending again.
2025-05-01T16:10:21.565057,Yov YouTube admin Views ah Upload Pannuya,"""Hey YouTube admin, have you uploaded the views?"""
2025-05-01T16:10:25.614555,Oruthar mela visvaasam kaatradhukaga inoruthara yen asinga paduthuringa sema,"Why are you embarrassing someone just to show trust in another person, it's too much."
2025-05-01T16:10:29.561913,Amithp and thala billa and ragini ithan enga thala,Amith and thala billa and ragini are our leaders.
2025-05-01T16:10:34.010316,All ways love u thala....ur my dad.....,"I will always love you, my leader...you are my dad."
2025-05-01T16:10:38.185897,Intha Mathiri ponungaluku yellam ipdithan nadakkum... Apdilam nadaka kudathu,Girls like this always face such situations... It shouldn't happen like that.
2025-05-01T16:10:42.935698,Yaralaa 12:10 thungame trailer 10m kage pathuttu erukinge,Everyone is awake until 12:10 watching the 10-minute trailer.
2025-05-01T16:10:46.918327,En thalaya Kaevalama pesuna Ella ippa Thirruppi paakkarunga,"If you talk nonsense, now look at what's happening."
2025-05-01T16:10:51.259301,Yaralaa verithanama wait panittuerukinge 10m aguruku,Why are you all waiting angrily for 10 minutes?
2025-05-01T16:10:55.731720,31K for 800k likes thala fans?,"31 thousand for 800 thousand likes, Thala fans?"
2025-05-01T16:11:00.462759,"9,974825 laye 10 minutes apdiye views nikudhu","Within just 9,974,825 views, it already reached 10 minutes."
2025-05-01T16:11:04.139468,Inniki target reach panniduvom Nalaiku nammaloda target 11 million views,"""Today we will reach our target. Tomorrow our target is 11 million views."""
2025-05-01T16:11:08.821494,Dei ennada views ah pause panni vachu irukkeenga,"Hey, why have you paused the views?"
2025-05-01T16:11:13.420144,Kannu sokkudhu.... Ada 10M views seekiram vayya... Seekiram vayya,My eyes are sore.... Please get 10M views quickly... Please get it quickly.
2025-05-01T16:11:17.552079,Enna Mari veetuku Theriyama ippa trailer parkuravanga Yaravadhu irukeengala,Do you know anyone who is now parking the trailer near Mari's house?
2025-05-01T16:11:21.706249,INDvsPak aavathu mudiyavathu.... Waiting 4 10M views,India versus Pakistan is going to be amazing.... Waiting for 10 million views.
2025-05-01T16:11:25.485053,Friends yalaru Link Share panuge,Friends please share the link.
2025-05-01T16:11:29.544223,Innum 29 k balance Pangalingala come on,Still 29 thousand balance Pangalingala come on
2025-05-01T16:11:33.892071,1M like ku waiting panravaga like pannuga,"Waiting for 1 million likes, so like it."
2025-05-01T16:11:41.481821,Dear haters Ungaluku trailer pudikalana parkadheenga Ungala Yarum inga vara soli varpuruthula Dhayavu senchi aduthavan santhosathula mannalli padadheengada,"""Dear haters, if you don't like the trailer, don't watch it. No one invited you here, so please leave quietly and don't disturb the happiness of those who enjoy it."""
2025-05-01T16:11:46.281063,Seekirama 10M views Vara vainga.... Good night solanum,Let's quickly reach 10M views.... I will say good night.
2025-05-01T16:11:50.064884,king of you tube Thala.,The king of YouTube is Thala.
2025-05-01T16:11:53.522157,paarvai gta 5 version,vision gta 5 version
2025-05-01T16:11:57.394248,Innum 39000 Views dhan iruku ‍‍‍‍‍,Still only 39000 views.
2025-05-01T16:12:01.437406,Enna mairu da panraem fans likes yethungada,"What nonsense are we doing, fans' likes are getting frozen."
2025-05-01T16:12:06.866393,YouTube Admin Engalukaga REPEAT MODE vainga,"YouTube Admin, please enable REPEAT MODE for us."
2025-05-01T16:12:11.577390,Innum 44200 views balance adichi thookalamaa ‍‍‍‍‍‍‍,"Still 44,200 views left to reach the target, should we pull it off?"
2025-05-01T16:12:16.927635,Enna Mari YouTube LA ye kuduthanam panravanga comment pannunga thala bloods,"""Hey Mari, those who are giving YouTube likes, comment bloods leader."""
2025-05-01T16:12:25.635261,4 days aah srilanka la trending#1,Sri Lanka was trending at number one for four days.
2025-05-01T16:12:29.639334,Thala Yuvan combo enrale Padam super hit dhan,The Thala Yuvan combination means the movie is definitely a super hit.
2025-05-01T16:12:34.338474,Innum 51K views irukku.... Oru view pathuttu oru comment... Innaikku ni8 kulla 10M views and 100K Comments... Therikka vidrom,Still has 51K views... Watch once and leave a comment... Tonight we'll reach 10M views and 100K Comments... Let's make it happen.
2025-05-01T16:12:38.255668,Thala na Thala dhan Paa,The leader is the leader only Paa
2025-05-01T16:12:42.763864,Enga veedla 5 perukku ticket book panniyachi.... Marupadiyum viswasam moments,"I booked tickets for five people in my home again, moments of trust."
2025-05-01T16:12:47.345962,Rangaraj pandey fans hit like,Rangaraj Pandey fans hit like.
2025-05-01T16:12:51.965442,Thale ni va thala nanga erukom,"We are here to support you, leader."
2025-05-01T16:12:56.445279,Ippa trailer parkuravanga oru comment pannunga thala rathangale,"Now, the people who watched the trailer should make a comment, leader of the warriors."
2025-05-01T16:13:00.276510,Thala naa mass Mass naa Thala,"The boss is mass, mass is the boss."
2025-05-01T16:13:04.746932,Petta - Marana Mass Official Video (Tamil) | Rajinikanth ... - YouTube,Petta - Ultimate Mass Official Video (Tamil) | Rajinikanth ... - YouTube
2025-05-01T16:13:10.804703,No 1 trending again Vara vainga friends,"Number one trending again, come on friends."
2025-05-01T16:13:15.728586,Trailer likes romba kammiya irku... Thala fans ena panranga,The trailer seems to be very minimal... What are Thala fans going to do.
2025-05-01T16:13:20.159883,Ennada 4days aachi inuom sarkar trailer ah Ungala beat panna mudiyala,"What is this, it's been 4 days and the Sarkar trailer still can't beat yours."
2025-05-01T16:13:24.672572,Niraya Fans Match Pakka Poitanga Pola,It seems like a lot of fans have definitely gone to watch the match.
2025-05-01T16:13:31.881308,Ennada 10M views ku 5th day laye ivlo mukkudhu nu solra bot anil p* pasangala... No bots no Visay,"What's this, Anil P*'s boys are saying it reached 10 million views in just 5 days... No bots, no nonsense."
2025-05-01T16:13:36.111850,500 thadave ki melle pathavange like bodunge,People who walk slowly for 500 steps will get likes.
2025-05-01T16:13:39.894192,Bgm na adhu u1 dha adcheka mudiyadhu,"The bgm is so good, it's unbeatable."
2025-05-01T16:13:44.833492,4 days #2 trending Mass of thalaaaaaaaaaaaaaaa No one can touch the thala feet,"4 days at number 2 trending, the mass of Thala is amazing. No one can touch Thala's feet."
2025-05-01T16:13:48.791517,Thala naa Great Great naa Thala,"He is great, he is truly great, he is the leader."
2025-05-01T16:13:54.662974,Padam Partha piragu Niraya Per like Poduvanga Pola .,"After watching the movie, it seems like they will get a lot of likes."
2025-05-01T16:13:59.399065,petta paraak last black shirt theriii thalaivaaa,"Petta looks super cool in the last black shirt, Thalaiva."
2025-05-01T16:14:02.537005,Nalla iruku aana etho miss aaguthu,It's good but something is missing.
2025-05-01T16:14:06.963028,Thalaivaaaaaaa yen kadavulaaaeess Proud to be ur fan,"My dear leader, oh my god, I am proud to be your fan."
2025-05-01T16:14:11.509713,Pakka Mass irukkaru Thalaivar Poglalukku Confirm Thalaivar treat tha,"The movie is sure to be a mass entertainer, Thalaivar's Poglal is confirmed to be a Thalaivar treat."
2025-05-01T16:14:16.132545,39 views 8.1k likes 93 dislike....,"39 views, 8.1 thousand likes, and 93 dislikes."
2025-05-01T16:14:20.557140,Adichu underwear oda voda vitturuven,I will beat you and strip off your underwear.
2025-05-01T16:14:24.271091,Sirapana tharanama sambavanga inumey dha pakka pora,The unexpected incidents are still unfolding.
2025-05-01T16:14:28.844534,Thalaiavar mass pannirukaru polaye Vijay sethupathy ah sonna,"The leader has already done great work, as Vijay Sethupathi said."
2025-05-01T16:14:33.641881,Ppaaa yenna style. Thalaivar yeppavum mass intha time marana mass. KS bro tq.....,"Wow, what a style. The leader is always mass, this time it's deadly mass. KS bro, thank you."
2025-05-01T16:14:37.692316,Rajni kanth and Vijay sethupahi Maas.,Rajni Kanth and Vijay Sethupathi are great.
2025-05-01T16:14:41.354506,90s thalaivaaaaaaaaaaa is back in action,The 90s hero is back in action.
2025-05-01T16:14:45.310036,Thalaivaa verra level marana mass trailer,"The trailer is next level, absolutely killer, boss."
2025-05-01T16:14:48.855551,Indha Siva Va nenacha dha Paavama iruku,Just thinking about this Lord Shiva makes me feel scared.
2025-05-01T16:14:54.131810,After a long time Thalaivar look...yeppaa...semmaaa... Vere leaveldialoge vere leavel anirudh bgm vijaysethupathi..mass total.. petta.... kola mass...doiii...,"After a long time, Thalaivar's look is amazing... wow... superb... the dialogues are on another level, Anirudh's background music, Vijay Sethupathi... total mass... Petta... awesome mass... dude..."
2025-05-01T16:14:59.483252,Inime than sirappana tharamana sambavangala pakka poringa..... Best wishes for thalapathy fans,"From now on, you will see only great and wonderful events..... Best wishes to Thalapathy fans."
2025-05-01T16:15:03.968286,Naa paathuten da.. 40th view da... Oooooo.. Vera level,"I've seen it 40 times, man... Oooooo.. It's next level."
2025-05-01T16:15:09.123990,Oru trailerlaye ivlo goosebumpnaa apo filmla,Just the trailer gives me goosebumps so imagine the full film.
2025-05-01T16:15:13.374680,Vijay sethupathi fans like ah podunga,Vijay Sethupathi fans should like it a lot.
2025-05-01T16:15:17.179868,Sema Sema sema Mass mass mass,Very very very great great great
2025-05-01T16:15:21.385238,Pakkathana pore intha Kali oda aadathaaa,The neighbor is watching this Kali's game.
2025-05-01T16:15:25.183084,Srilankan vijay sethupathi fans hit like,Sri Lankan Vijay Sethupathi fans hit like.
2025-05-01T16:15:29.821844,Vaa thalaivaa pongal unnodathu thapetta parak,"Come leader, the Pongal without you was a disgrace."
2025-05-01T16:15:33.860368,Ha ah ha ha ah ah. Amaaaaaaaaaaaaaaaaaadioooo. Samaaaaaaaaaaaaaa,Ha ha ha ha ha ha. Oh my God. Amazing.
2025-05-01T16:15:37.846369,Woooooow thalaivaaa neega ungaluku inum 29 yers than thalaivaaa. Semma trailer wooow,"Wow boss, you are only 29 years old boss. Amazing trailer wow."
2025-05-01T16:15:41.750756,Vera level thalaiva.... mass marana masss,Next level boss.... it's super awesome.
2025-05-01T16:15:46.588076,Ipo enna panna porom ? Ahhhh sweet saapda porom,Now what are we going to do? Ahhhh we are going to eat sweets.
2025-05-01T16:15:50.493660,Petta! ....... Rocking..... 500k likes... Agree?,"""Petta! ....... Rocking..... 500k likes... Do you agree?"""
2025-05-01T16:15:54.325511,Visuwasamavadhu Kusuvaasamavadhu Parak da Petta Parakk!,"Whether it's Visuwasam or Kusuvaasam, just fly and land!"
2025-05-01T16:15:58.535620,Sumarana trailer nu solravanga hit like,Those who say it's just an average trailer hit like.
2025-05-01T16:16:02.359283,THALAIVAAAA VERA LEVEL YA,The leader is at another level.
2025-05-01T16:16:07.297312,Anna peaks Anna THE KING IS ON THE WAY STYLE KA BAAP THAILAVAR ROCKS,"Brother peaks brother, the king is on the way, style's father Thalaivar rocks."
2025-05-01T16:16:12.524729,"Karthik subbaraj yaaru da ne, una dhan da nanga ithana varsham theditu irundhom, thanks for creating the marana rajinism","""Who is Karthik Subbaraj, it's you whom we've been searching for all these years, thanks for creating the deadly Rajinism."""
2025-05-01T16:16:17.267359,Sirappana tharamana sampavam inemaythan nadakkapovuthu spr,A very nice and high-quality event is going to happen soon.
2025-05-01T16:16:21.934954,Thrisha yenga daww ithula kattave illa,"Where is Thrisha dude, she isn't even in this."
2025-05-01T16:16:25.812951,Sema masss Rajini & Vjs combo marana waiting,Superb mass Rajini and Vjs combo is killing the wait.
2025-05-01T16:16:29.955099,Ilamai inimel pogadhu mudumai unaku vaaradhu theivame.....,"Youth will not last, old age will come to you, oh God."
2025-05-01T16:16:34.590028,that final madurai petta style....maranam Mass maranam..adhuku avantan poranthu varanum....love you thalaivaaa,That final Madurai petta style...deadly mass deadly...he must be born for that...love you boss.
2025-05-01T16:16:38.468434,Makkal selvan VijaySethupathy Fans like podunga,People like Makkal Selvan Vijay Sethupathy's fans should like this.
2025-05-01T16:16:42.188102,Thalaivar dha thalaivar dha vera level,"The leader is the leader, he's on another level."
2025-05-01T16:16:47.217821,Maranama iruke ya.... Thalaivaaaa alludhu ponga,"I am almost dead, brother... Please don't play around, leader."
2025-05-01T16:16:51.281065,kola gaandla irukka mavane kollama vidamaatten.. Thalaivar swag..,"I will not let go without a fight, my son, you look amazing. Leader's swag.."
2025-05-01T16:16:55.523404,Ayoo vanthuruvanga Ithu like panu athuku like panu nu,"Oh they are coming, like this, like that."
2025-05-01T16:16:59.795351,Ethana heroes vandhalum Eppavum evar mattum dha SUPER STAR,"No matter how many heroes come, only SUPER STAR will always be the best."
2025-05-01T16:17:03.672213,சிறப்பான தரமான sambavatha inimey than namma paarka porom,We will see such a special and quality event only from now on.
2025-05-01T16:17:08.158323,Intha pongal Thalaivar pongal 2019 petta parak,"This Pongal is Thalaivar Pongal 2019, we won with Petta."
2025-05-01T16:17:11.882002,Rajini and Vijay sethupathi fans must like,Rajini and Vijay Sethupathi fans must like this.
2025-05-01T16:17:16.530960,Thalaivaaaaaa waiting for petta pongal,"Boss, I am eagerly waiting for Petta this Pongal."
2025-05-01T16:17:20.267855,Style vara level super,The style is super awesome.
2025-05-01T16:17:24.181074,"thank u so much , ennoda 2 thalaivargalaiyum onna pakkurathukku மகிழ்ச்சி","thank you so much, I am happy to see my two leaders together."
2025-05-01T16:17:28.033312,Eppo enna panaporo ..sweet sapda poro,When will we do it.. we are going to eat sweets.
2025-05-01T16:17:33.235181,Paakradhuku Chinna paiyan Maari style ah irukeenga....... How true ?,The little boy looks stylish like Maari when seen...... How true?
2025-05-01T16:17:37.068742,Viswasam vs petta Tharamana sambavam iruku,Viswasam vs Petta is a great event.
2025-05-01T16:17:41.319956,Thalaivar masss ah irukarupa nu sonnavangala hit likes,The people who said our leader looks super awesome got hit likes.
2025-05-01T16:17:44.654144,Kola veri da. Jan 10,"It's very cool, man. January 10."
2025-05-01T16:17:48.342470,Idhu dhan da Namma thalaivar,This is our leader.
2025-05-01T16:17:53.418922,Only petta fan like...... Petta parak,Only a true fan of Petta would understand...... Petta is flying high
2025-05-01T16:17:57.474609,"thalaivaaaaaaaaaaaaaaaaaaaaaaaaaaaaaaaaaaaaaaaaaaaaaaaa semma look, style, 100% blouckbusters","Boss, the look and style are absolutely fantastic, a hundred percent blockbuster."
2025-05-01T16:20:26.213687,mass Mass mass Mass mass Mass mass Mass mass Mass mass Mass mass Mass mass Mass,Mass Mass Mass Mass Mass Mass Mass Mass Mass Mass Mass Mass Mass Mass Mass Mass Mass Mass Mass Mass Mass Mass Mass Mass Mass Mass Mass Mass Mass Mass Mass Mass Mass Mass Mass Mass Mass Mass Mass Mass Mass Mass Mass Mass Mass Mass Mass Mass Mass Mass Mass Mass Mass Mass Mass Mass Mass Mass Mass Mass Mass Mass Mass Mass Mass Mass Mass Mass Mass Mass Mass Mass Mass Mass Mass Mass Mass Mass Mass Mass Mass Mass Mass Mass Mass Mass Mass Mass Mass Mass Mass Mass Mass Mass Mass Mass Mass Mass Mass Mass Mass Mass Mass Mass Mass Mass Mass Mass Mass Mass Mass Mass Mass Mass Mass Mass Mass Mass Mass Mass Mass Mass Mass Mass Mass Mass Mass Mass Mass Mass Mass Mass Mass Mass Mass Mass Mass Mass Mass Mass Mass Mass Mass Mass Mass Mass Mass Mass Mass Mass Mass Mass Mass Mass Mass Mass Mass Mass Mass Mass Mass Mass Mass Mass Mass Mass Mass Mass Mass Mass Mass Mass Mass Mass Mass Mass Mass Mass Mass Mass Mass Mass Mass Mass Mass Mass Mass Mass Mass Mass Mass Mass Mass Mass Mass Mass Mass Mass Mass Mass Mass Mass Mass Mass Mass Mass Mass Mass Mass Mass Mass Mass Mass Mass Mass Mass Mass Mass Mass Mass Mass Mass Mass Mass Mass Mass Mass Mass Mass Mass Mass Mass Mass Mass Mass Mass Mass Mass Mass Mass Mass Mass Mass Mass Mass Mass Mass Mass Mass Mass Mass Mass Mass Mass Mass Mass Mass Mass Mass Mass Mass Mass Mass Mass Mass Mass Mass Mass Mass Mass Mass Mass Mass Mass Mass Mass Mass Mass Mass Mass Mass Mass Mass Mass Mass Mass Mass Mass Mass Mass Mass Mass Mass Mass Mass Mass Mass Mass Mass Mass Mass Mass Mass Mass Mass Mass Mass Mass Mass Mass Mass Mass Mass Mass Mass Mass Mass Mass Mass Mass Mass Mass Mass Mass Mass Mass Mass Mass Mass Mass Mass Mass Mass Mass Mass Mass Mass Mass Mass Mass Mass Mass Mass Mass Mass Mass Mass Mass Mass Mass Mass Mass Mass Mass Mass Mass Mass Mass Mass Mass Mass Mass Mass Mass Mass Mass Mass Mass Mass Mass Mass Mass Mass Mass Mass Mass Mass Mass Mass Mass Mass Mass Mass Mass Mass Mass Mass Mass Mass Mass Mass Mass Mass Mass Mass Mass Mass Mass Mass Mass Mass Mass Mass Mass Mass Mass Mass Mass Mass Mass Mass Mass Mass Mass Mass Mass Mass Mass Mass Mass Mass Mass Mass Mass Mass Mass Mass Mass Mass Mass Mass Mass Mass Mass Mass Mass Mass Mass Mass Mass Mass Mass Mass Mass Mass Mass Mass Mass Mass Mass Mass Mass Mass Mass Mass Mass Mass Mass Mass Mass Mass Mass Mass Mass Mass Mass Mass Mass Mass Mass Mass Mass Mass Mass Mass Mass Mass Mass Mass Mass Mass Mass Mass Mass Mass Mass Mass Mass Mass Mass Mass Mass Mass Mass Mass Mass Mass Mass Mass Mass Mass Mass Mass Mass Mass Mass Mass Mass Mass Mass Mass Mass Mass Mass Mass Mass Mass Mass Mass Mass Mass Mass Mass Mass Mass Mass Mass Mass Mass Mass Mass Mass Mass Mass Mass Mass Mass Mass Mass Mass Mass Mass Mass Mass Mass Mass Mass Mass Mass Mass Mass Mass Mass Mass Mass Mass Mass Mass Mass Mass Mass Mass Mass Mass Mass Mass Mass Mass Mass Mass Mass Mass Mass Mass Mass Mass Mass Mass Mass Mass Mass Mass Mass Mass Mass Mass Mass Mass Mass Mass Mass Mass Mass Mass Mass Mass Mass Mass Mass Mass Mass Mass Mass Mass Mass Mass Mass Mass Mass Mass Mass Mass Mass Mass Mass Mass Mass Mass Mass Mass Mass Mass Mass Mass Mass Mass Mass Mass Mass Mass Mass Mass Mass Mass Mass Mass Mass Mass Mass Mass Mass Mass Mass Mass Mass Mass Mass Mass Mass Mass Mass Mass Mass Mass Mass Mass Mass Mass Mass Mass Mass Mass Mass Mass Mass Mass Mass Mass Mass Mass Mass Mass Mass Mass Mass Mass Mass Mass Mass Mass Mass Mass Mass Mass Mass Mass Mass Mass Mass Mass Mass Mass Mass Mass Mass Mass Mass Mass Mass Mass Mass Mass Mass Mass Mass Mass Mass Mass Mass Mass Mass Mass Mass Mass Mass Mass Mass Mass Mass Mass Mass Mass Mass Mass Mass Mass Mass Mass Mass Mass Mass Mass Mass Mass Mass Mass Mass Mass Mass Mass Mass Mass Mass Mass Mass Mass Mass Mass Mass Mass Mass Mass Mass Mass Mass Mass Mass Mass Mass Mass Mass Mass Mass Mass Mass Mass Mass Mass Mass Mass Mass Mass Mass Mass Mass Mass Mass Mass Mass Mass Mass Mass Mass Mass Mass Mass Mass Mass Mass Mass Mass Mass Mass Mass Mass Mass Mass Mass Mass Mass Mass Mass Mass Mass Mass Mass Mass Mass Mass Mass Mass Mass Mass Mass Mass Mass Mass Mass Mass Mass Mass Mass Mass Mass Mass Mass Mass Mass Mass Mass Mass Mass Mass Mass Mass Mass Mass Mass Mass Mass Mass Mass Mass Mass Mass Mass Mass Mass Mass Mass Mass Mass Mass Mass Mass Mass Mass Mass Mass Mass Mass Mass Mass Mass Mass Mass Mass Mass Mass Mass Mass Mass Mass Mass Mass Mass Mass Mass Mass Mass Mass Mass Mass Mass Mass Mass Mass Mass Mass Mass Mass Mass Mass Mass Mass Mass Mass Mass Mass Mass Mass Mass Mass Mass Mass Mass Mass Mass Mass Mass Mass Mass Mass Mass Mass Mass Mass Mass Mass Mass Mass Mass Mass Mass Mass Mass Mass Mass Mass Mass Mass Mass Mass Mass Mass Mass Mass Mass Mass Mass Mass Mass Mass Mass Mass Mass Mass Mass Mass Mass Mass Mass Mass Mass Mass Mass Mass Mass Mass Mass Mass Mass Mass Mass Mass Mass Mass Mass Mass Mass Mass Mass Mass Mass Mass Mass Mass Mass Mass Mass Mass Mass Mass Mass Mass Mass Mass Mass Mass Mass Mass Mass Mass Mass Mass Mass Mass Mass Mass Mass Mass Mass Mass Mass Mass Mass Mass Mass Mass Mass Mass Mass Mass Mass Mass Mass Mass Mass Mass Mass Mass Mass Mass Mass Mass Mass Mass Mass Mass Mass Mass Mass Mass Mass Mass Mass Mass Mass Mass Mass Mass Mass Mass Mass Mass Mass Mass Mass Mass Mass Mass Mass Mass Mass Mass Mass Mass Mass Mass Mass Mass Mass Mass Mass Mass Mass Mass Mass Mass Mass Mass Mass Mass Mass Mass Mass Mass Mass Mass Mass Mass Mass Mass Mass Mass Mass Mass Mass Mass Mass Mass Mass Mass Mass Mass Mass Mass Mass Mass Mass Mass Mass Mass Mass Mass Mass Mass Mass Mass Mass Mass Mass Mass Mass Mass Mass Mass Mass Mass Mass Mass Mass Mass Mass Mass Mass Mass Mass Mass Mass Mass Mass Mass Mass Mass Mass Mass Mass Mass Mass Mass Mass Mass Mass Mass Mass Mass Mass Mass Mass Mass Mass Mass Mass Mass Mass Mass Mass Mass Mass Mass Mass Mass Mass Mass Mass Mass Mass Mass Mass Mass Mass Mass Mass Mass Mass Mass Mass Mass Mass Mass Mass Mass Mass Mass Mass Mass Mass Mass Mass Mass Mass Mass Mass Mass Mass Mass Mass Mass Mass Mass Mass Mass Mass Mass Mass Mass Mass Mass Mass Mass Mass Mass Mass Mass Mass Mass Mass Mass Mass Mass Mass Mass Mass Mass Mass Mass Mass Mass Mass Mass Mass Mass Mass Mass Mass Mass Mass Mass Mass Mass Mass Mass Mass Mass Mass Mass Mass Mass Mass Mass Mass Mass Mass Mass Mass Mass Mass Mass Mass Mass Mass Mass Mass Mass Mass Mass Mass Mass Mass Mass Mass Mass Mass Mass Mass Mass Mass Mass Mass Mass Mass Mass Mass Mass Mass Mass Mass Mass Mass Mass Mass Mass Mass Mass Mass Mass Mass Mass Mass Mass Mass Mass Mass Mass Mass Mass Mass Mass Mass Mass Mass Mass Mass Mass Mass Mass Mass Mass Mass Mass Mass Mass Mass Mass Mass Mass Mass Mass Mass Mass Mass Mass Mass Mass Mass Mass Mass Mass Mass Mass Mass Mass Mass Mass Mass Mass Mass Mass Mass Mass Mass Mass Mass Mass Mass Mass Mass Mass Mass Mass Mass Mass Mass Mass Mass Mass Mass Mass Mass Mass Mass Mass Mass Mass Mass Mass Mass Mass Mass Mass Mass Mass Mass Mass Mass Mass Mass Mass Mass Mass Mass Mass Mass Mass Mass Mass Mass Mass Mass Mass Mass Mass Mass Mass Mass Mass Mass Mass Mass Mass Mass Mass Mass Mass Mass Mass Mass Mass Mass Mass Mass Mass Mass Mass Mass Mass Mass Mass Mass Mass Mass Mass Mass Mass Mass Mass Mass Mass Mass Mass Mass Mass Mass Mass Mass Mass Mass Mass Mass Mass Mass Mass Mass Mass Mass Mass Mass Mass Mass Mass Mass Mass Mass Mass Mass Mass Mass Mass Mass Mass Mass Mass Mass Mass Mass Mass Mass Mass Mass Mass Mass Mass Mass Mass Mass Mass Mass Mass Mass Mass Mass Mass Mass Mass Mass Mass Mass Mass Mass Mass Mass Mass Mass Mass Mass Mass Mass Mass Mass Mass Mass Mass Mass Mass Mass Mass Mass Mass Mass Mass Mass Mass Mass Mass Mass Mass Mass Mass Mass Mass Mass Mass Mass Mass Mass Mass Mass Mass Mass Mass Mass Mass Mass Mass Mass Mass Mass Mass Mass Mass Mass Mass Mass Mass Mass Mass Mass Mass Mass Mass Mass Mass Mass Mass Mass Mass Mass Mass Mass Mass Mass Mass Mass Mass Mass Mass Mass Mass Mass Mass Mass Mass Mass Mass Mass Mass Mass Mass Mass Mass Mass Mass Mass Mass Mass Mass Mass Mass Mass Mass Mass Mass Mass Mass Mass Mass Mass Mass Mass Mass Mass Mass Mass Mass Mass Mass Mass Mass Mass Mass Mass Mass Mass Mass Mass Mass Mass Mass Mass Mass Mass Mass Mass Mass Mass Mass Mass Mass Mass Mass Mass Mass Mass Mass Mass Mass Mass Mass Mass Mass Mass Mass Mass Mass Mass Mass Mass Mass Mass Mass Mass Mass Mass Mass Mass Mass Mass Mass Mass Mass Mass Mass Mass Mass Mass Mass Mass Mass Mass Mass Mass Mass Mass Mass Mass Mass Mass Mass Mass Mass Mass Mass Mass Mass Mass Mass Mass Mass Mass Mass Mass Mass Mass Mass Mass Mass Mass Mass Mass Mass Mass Mass Mass Mass Mass Mass Mass Mass Mass Mass Mass Mass Mass Mass Mass Mass Mass Mass Mass Mass Mass Mass Mass Mass Mass Mass Mass Mass Mass Mass Mass Mass Mass Mass Mass Mass Mass Mass Mass Mass Mass Mass Mass Mass Mass Mass Mass Mass Mass Mass Mass Mass Mass Mass Mass Mass Mass Mass Mass Mass Mass Mass Mass Mass Mass Mass Mass Mass Mass Mass Mass Mass Mass Mass Mass Mass Mass Mass Mass Mass Mass Mass Mass Mass Mass Mass Mass Mass Mass Mass Mass Mass Mass Mass Mass Mass Mass Mass Mass Mass Mass Mass Mass Mass Mass Mass Mass Mass Mass Mass Mass Mass Mass Mass Mass Mass Mass Mass Mass Mass Mass Mass Mass Mass Mass Mass Mass Mass Mass Mass Mass Mass Mass Mass Mass Mass Mass Mass Mass Mass Mass Mass Mass Mass Mass Mass Mass Mass Mass Mass Mass Mass Mass Mass Mass Mass Mass Mass Mass Mass Mass Mass Mass Mass Mass Mass Mass Mass Mass Mass Mass Mass Mass Mass Mass Mass Mass Mass Mass Mass Mass Mass Mass Mass Mass Mass Mass Mass Mass Mass Mass Mass Mass Mass Mass Mass Mass Mass Mass Mass Mass Mass Mass Mass Mass Mass Mass Mass Mass Mass Mass Mass Mass Mass Mass Mass Mass Mass Mass Mass Mass Mass Mass Mass Mass Mass Mass Mass Mass Mass Mass Mass Mass Mass Mass Mass Mass Mass Mass Mass Mass Mass Mass Mass Mass Mass Mass Mass Mass Mass Mass Mass Mass Mass Mass Mass Mass Mass Mass Mass Mass Mass Mass Mass Mass Mass Mass Mass Mass Mass Mass Mass Mass Mass Mass Mass Mass Mass Mass Mass Mass Mass Mass Mass Mass Mass Mass Mass Mass Mass Mass Mass Mass Mass Mass Mass Mass Mass Mass Mass Mass Mass Mass Mass Mass Mass Mass Mass Mass Mass Mass Mass Mass Mass Mass Mass Mass Mass Mass Mass Mass Mass Mass Mass Mass Mass Mass Mass Mass Mass Mass Mass Mass Mass Mass Mass Mass Mass Mass Mass Mass Mass Mass Mass Mass Mass Mass Mass Mass Mass Mass Mass Mass Mass Mass Mass Mass Mass Mass Mass Mass Mass Mass Mass Mass Mass Mass Mass Mass Mass Mass Mass Mass Mass Mass Mass Mass Mass Mass Mass Mass Mass Mass Mass Mass Mass Mass Mass Mass Mass Mass Mass Mass Mass Mass Mass Mass Mass Mass Mass Mass Mass Mass Mass Mass Mass Mass Mass Mass Mass Mass Mass Mass Mass Mass Mass Mass Mass Mass Mass Mass Mass Mass Mass Mass Mass Mass Mass Mass Mass Mass Mass Mass Mass Mass Mass Mass Mass Mass Mass Mass Mass Mass Mass Mass Mass Mass Mass Mass Mass Mass Mass Mass Mass Mass Mass Mass Mass Mass Mass Mass Mass Mass Mass Mass Mass Mass Mass Mass Mass Mass Mass Mass Mass Mass Mass Mass Mass Mass Mass Mass Mass Mass Mass Mass Mass Mass Mass Mass Mass Mass Mass Mass Mass Mass Mass Mass Mass Mass Mass Mass Mass Mass Mass Mass Mass Mass Mass Mass Mass Mass Mass Mass Mass Mass Mass Mass Mass Mass Mass Mass Mass Mass Mass Mass Mass Mass Mass Mass Mass Mass Mass Mass Mass Mass Mass Mass Mass Mass Mass Mass Mass Mass Mass Mass Mass Mass Mass Mass Mass Mass Mass Mass Mass Mass Mass Mass Mass Mass Mass Mass Mass Mass Mass Mass Mass Mass Mass Mass Mass Mass Mass Mass Mass Mass Mass Mass Mass Mass Mass Mass Mass Mass Mass Mass Mass Mass Mass Mass Mass Mass Mass Mass Mass Mass Mass Mass Mass Mass Mass Mass Mass Mass Mass Mass Mass Mass Mass Mass Mass Mass Mass Mass Mass Mass Mass Mass Mass Mass Mass Mass Mass Mass Mass Mass Mass Mass Mass Mass Mass Mass Mass Mass Mass Mass Mass Mass Mass Mass Mass Mass Mass Mass Mass Mass Mass Mass Mass Mass Mass Mass Mass Mass Mass Mass Mass Mass Mass Mass Mass Mass Mass Mass Mass Mass Mass Mass Mass Mass Mass Mass Mass Mass Mass Mass Mass Mass Mass Mass Mass Mass Mass Mass Mass Mass Mass Mass Mass Mass Mass Mass Mass Mass Mass Mass Mass Mass Mass Mass Mass Mass Mass Mass Mass Mass Mass Mass Mass Mass Mass Mass Mass Mass Mass Mass Mass Mass Mass Mass Mass Mass Mass Mass Mass Mass Mass Mass Mass Mass Mass Mass Mass Mass Mass Mass Mass Mass Mass Mass Mass Mass Mass Mass Mass Mass Mass Mass Mass Mass Mass Mass Mass Mass Mass Mass Mass Mass Mass Mass Mass Mass Mass Mass Mass Mass Mass Mass Mass Mass Mass Mass Mass Mass Mass Mass Mass Mass Mass Mass Mass Mass Mass Mass Mass Mass Mass Mass Mass Mass Mass Mass Mass Mass Mass Mass Mass Mass Mass Mass Mass Mass Mass Mass Mass Mass Mass Mass Mass Mass Mass Mass Mass Mass Mass Mass Mass Mass Mass Mass Mass Mass Mass Mass Mass Mass Mass Mass Mass Mass Mass Mass Mass Mass Mass Mass Mass Mass Mass Mass Mass Mass Mass Mass Mass Mass Mass Mass Mass Mass Mass Mass Mass Mass Mass Mass Mass Mass Mass Mass Mass Mass Mass Mass Mass Mass Mass Mass Mass Mass Mass Mass Mass Mass Mass Mass Mass Mass Mass Mass Mass Mass Mass Mass Mass Mass Mass Mass Mass Mass Mass Mass Mass Mass Mass Mass Mass Mass Mass Mass Mass Mass Mass Mass Mass Mass Mass Mass Mass Mass Mass Mass Mass Mass Mass Mass Mass Mass Mass Mass Mass Mass Mass Mass Mass Mass Mass Mass Mass Mass Mass Mass Mass Mass Mass Mass Mass Mass Mass Mass Mass Mass Mass Mass Mass Mass Mass Mass Mass Mass Mass Mass Mass Mass Mass Mass Mass Mass Mass Mass Mass Mass Mass Mass Mass Mass Mass Mass Mass Mass Mass Mass Mass Mass Mass Mass Mass Mass Mass Mass Mass Mass Mass Mass Mass Mass Mass Mass Mass Mass Mass Mass Mass Mass Mass Mass Mass Mass Mass Mass Mass Mass Mass Mass Mass Mass Mass Mass Mass Mass Mass Mass Mass Mass Mass Mass Mass Mass Mass Mass Mass Mass Mass Mass Mass Mass Mass Mass Mass Mass Mass Mass Mass Mass Mass Mass Mass Mass Mass Mass Mass Mass Mass Mass Mass Mass Mass Mass Mass Mass Mass Mass Mass Mass Mass Mass Mass Mass Mass Mass Mass Mass Mass Mass Mass Mass Mass Mass Mass Mass Mass Mass Mass Mass Mass Mass Mass Mass Mass Mass Mass Mass Mass Mass Mass Mass Mass Mass Mass Mass Mass Mass Mass Mass Mass Mass Mass Mass Mass Mass Mass Mass Mass Mass Mass Mass Mass Mass Mass Mass Mass Mass Mass Mass Mass Mass Mass Mass Mass Mass Mass Mass Mass Mass Mass Mass Mass Mass Mass Mass Mass Mass Mass Mass Mass Mass Mass Mass Mass Mass Mass Mass Mass Mass Mass Mass Mass Mass Mass Mass Mass Mass Mass Mass Mass Mass Mass Mass Mass Mass Mass Mass Mass Mass Mass Mass Mass Mass Mass Mass Mass Mass Mass Mass Mass Mass Mass Mass Mass Mass Mass Mass Mass Mass Mass Mass Mass Mass Mass Mass Mass Mass Mass Mass Mass Mass Mass Mass Mass Mass Mass Mass Mass Mass Mass Mass Mass Mass Mass Mass Mass Mass Mass Mass Mass Mass Mass Mass Mass Mass Mass Mass Mass Mass Mass Mass Mass Mass Mass Mass Mass Mass Mass Mass Mass Mass Mass Mass Mass Mass Mass Mass Mass Mass Mass Mass Mass Mass Mass Mass Mass Mass Mass Mass Mass Mass Mass Mass Mass Mass Mass Mass Mass Mass Mass Mass Mass Mass Mass Mass Mass Mass Mass Mass Mass Mass Mass Mass Mass Mass Mass Mass Mass Mass Mass Mass Mass Mass Mass Mass Mass Mass Mass Mass Mass Mass Mass Mass Mass Mass Mass Mass Mass Mass Mass Mass Mass Mass Mass Mass Mass Mass Mass Mass Mass Mass Mass Mass Mass Mass Mass Mass Mass Mass Mass Mass Mass Mass Mass Mass Mass Mass Mass Mass Mass Mass Mass Mass Mass Mass Mass Mass Mass Mass Mass Mass Mass Mass Mass Mass Mass Mass Mass Mass Mass Mass Mass Mass Mass Mass Mass Mass Mass Mass Mass Mass Mass Mass Mass Mass Mass Mass Mass Mass Mass Mass Mass Mass Mass Mass Mass Mass Mass Mass Mass Mass Mass Mass Mass Mass Mass Mass Mass Mass Mass Mass Mass Mass Mass Mass Mass Mass Mass Mass Mass Mass Mass Mass Mass Mass Mass Mass Mass Mass Mass Mass Mass Mass Mass Mass Mass Mass Mass Mass Mass Mass Mass Mass Mass Mass Mass Mass Mass Mass Mass Mass Mass Mass Mass Mass Mass Mass Mass Mass Mass Mass Mass Mass Mass Mass Mass Mass Mass Mass Mass Mass Mass Mass Mass Mass Mass Mass Mass Mass Mass Mass Mass Mass Mass Mass Mass Mass Mass Mass Mass Mass Mass Mass Mass Mass Mass Mass Mass Mass Mass Mass Mass Mass Mass Mass Mass Mass Mass Mass Mass Mass Mass Mass Mass Mass Mass Mass Mass Mass Mass Mass Mass Mass Mass Mass Mass Mass Mass Mass Mass Mass Mass Mass Mass Mass Mass Mass Mass Mass Mass Mass Mass Mass Mass Mass Mass Mass Mass Mass Mass Mass Mass Mass Mass Mass Mass Mass Mass Mass Mass Mass Mass Mass Mass Mass Mass Mass Mass Mass Mass Mass Mass Mass Mass Mass Mass Mass Mass Mass Mass Mass Mass Mass Mass Mass Mass Mass Mass Mass Mass Mass Mass Mass Mass Mass Mass Mass Mass Mass Mass Mass Mass Mass Mass Mass Mass Mass Mass Mass Mass Mass Mass Mass Mass Mass Mass Mass Mass Mass Mass Mass Mass Mass Mass Mass Mass Mass Mass Mass Mass Mass Mass Mass Mass Mass Mass Mass Mass Mass Mass Mass Mass Mass Mass Mass Mass Mass Mass Mass Mass Mass Mass Mass Mass Mass Mass Mass Mass Mass Mass Mass Mass Mass Mass Mass Mass Mass Mass Mass Mass Mass Mass Mass Mass Mass Mass Mass Mass Mass Mass Mass Mass Mass Mass Mass Mass Mass Mass Mass Mass Mass Mass Mass Mass Mass Mass Mass Mass Mass Mass Mass Mass Mass Mass Mass Mass Mass Mass Mass Mass Mass Mass Mass Mass Mass Mass Mass Mass Mass Mass Mass Mass Mass Mass Mass Mass Mass Mass Mass Mass Mass Mass Mass Mass Mass Mass Mass Mass Mass Mass Mass Mass Mass Mass Mass Mass Mass Mass Mass Mass Mass Mass Mass Mass Mass Mass Mass Mass Mass Mass Mass Mass Mass Mass Mass Mass Mass Mass Mass Mass Mass Mass Mass Mass Mass Mass Mass Mass Mass Mass Mass Mass Mass Mass Mass Mass Mass Mass Mass Mass Mass Mass Mass Mass Mass Mass Mass Mass Mass Mass Mass Mass Mass Mass Mass Mass Mass Mass Mass Mass Mass Mass Mass Mass Mass Mass Mass Mass Mass Mass Mass Mass Mass Mass Mass Mass Mass Mass Mass Mass Mass Mass Mass Mass Mass Mass Mass Mass Mass Mass Mass Mass Mass Mass Mass Mass Mass Mass Mass Mass Mass Mass Mass Mass Mass Mass Mass Mass Mass Mass Mass Mass Mass Mass Mass Mass Mass Mass Mass Mass Mass Mass Mass Mass Mass Mass Mass Mass Mass Mass Mass Mass Mass Mass Mass Mass Mass Mass Mass Mass Mass Mass Mass Mass Mass Mass Mass Mass Mass Mass Mass Mass Mass Mass Mass Mass Mass Mass Mass Mass Mass Mass Mass Mass Mass Mass Mass Mass Mass Mass Mass Mass Mass Mass Mass Mass Mass Mass Mass Mass Mass Mass Mass Mass Mass Mass Mass Mass Mass Mass Mass Mass Mass Mass Mass Mass Mass Mass Mass Mass Mass Mass Mass Mass Mass Mass Mass Mass Mass Mass Mass Mass Mass Mass Mass Mass Mass Mass Mass Mass Mass Mass Mass Mass Mass Mass Mass Mass Mass Mass Mass Mass Mass Mass Mass Mass Mass Mass Mass Mass Mass Mass Mass Mass Mass Mass Mass Mass Mass Mass Mass Mass Mass Mass Mass Mass Mass Mass Mass Mass Mass Mass Mass Mass Mass Mass Mass Mass Mass Mass Mass Mass Mass Mass Mass Mass Mass Mass Mass Mass Mass Mass Mass Mass Mass Mass Mass Mass Mass Mass Mass Mass Mass Mass Mass Mass Mass Mass Mass Mass Mass Mass Mass Mass Mass Mass Mass Mass Mass Mass Mass Mass Mass Mass Mass Mass Mass Mass Mass Mass Mass Mass Mass Mass Mass Mass Mass Mass Mass Mass Mass Mass Mass Mass Mass Mass Mass Mass Mass Mass Mass Mass Mass Mass Mass Mass Mass Mass Mass Mass Mass Mass Mass Mass Mass Mass Mass Mass Mass Mass Mass Mass Mass Mass Mass Mass Mass Mass Mass Mass Mass Mass Mass Mass Mass Mass Mass Mass Mass Mass Mass Mass Mass Mass Mass Mass Mass Mass Mass Mass Mass Mass Mass Mass Mass Mass Mass Mass Mass Mass Mass Mass Mass Mass Mass Mass Mass Mass Mass Mass Mass Mass Mass Mass Mass Mass Mass Mass Mass Mass Mass Mass Mass Mass Mass Mass Mass Mass Mass Mass Mass Mass Mass Mass Mass Mass Mass Mass Mass Mass Mass Mass Mass Mass Mass Mass Mass Mass Mass Mass Mass Mass Mass Mass Mass Mass Mass Mass Mass Mass Mass Mass Mass Mass Mass Mass Mass Mass Mass Mass Mass Mass Mass Mass Mass Mass Mass Mass Mass Mass Mass Mass Mass Mass Mass Mass Mass Mass Mass Mass Mass Mass Mass Mass Mass Mass Mass Mass Mass Mass Mass Mass Mass Mass Mass Mass Mass Mass Mass Mass Mass Mass Mass Mass Mass Mass Mass Mass Mass Mass Mass Mass Mass Mass Mass Mass Mass Mass Mass Mass Mass Mass Mass Mass Mass Mass Mass Mass Mass Mass Mass Mass Mass Mass Mass Mass Mass Mass Mass Mass Mass Mass Mass Mass Mass Mass Mass Mass Mass Mass Mass Mass Mass Mass Mass Mass Mass Mass Mass Mass Mass Mass Mass Mass Mass Mass Mass Mass Mass Mass Mass Mass Mass Mass Mass Mass Mass Mass Mass Mass Mass Mass Mass Mass Mass Mass Mass Mass Mass Mass Mass Mass Mass Mass Mass Mass Mass Mass Mass Mass Mass Mass Mass Mass Mass Mass Mass Mass Mass Mass Mass Mass Mass Mass Mass Mass Mass Mass Mass Mass Mass Mass Mass Mass Mass Mass Mass Mass Mass Mass Mass Mass Mass Mass Mass Mass Mass Mass Mass Mass Mass
2025-05-01T16:20:30.680326,I like karthick subburaj......direction...... karthick subburaj gets rocks,I like Karthick Subburaj's direction... Karthick Subburaj rocks.
2025-05-01T16:20:35.211925,Viswasam teaser ku wait panravan like podu,"I can't wait for the Viswasam teaser, like wow."
2025-05-01T16:20:39.933400,Anna veera maassu maranooo love you Thalaiva,"Brother, you're amazing as always, love you boss."
2025-05-01T16:20:44.200701,Who Is Biggest Fan Of Rajini Hit Like,Who is the biggest fan of Rajini's hit? Like this.
2025-05-01T16:20:47.687135,Ena da trailer evolo nala ah iruku,Why is the trailer so good?
2025-05-01T16:20:52.058561,1.56 yaru Instagram lae paathathu leak aanathu,Who leaked it on Instagram at 1.56?
2025-05-01T16:20:55.932164,Epppppaaaaaa verithanam da dei....... Marana massssssss,Why are you being so arrogant dude...... It's absolutely amazing.
2025-05-01T16:21:00.630532,Marana mass thalaivar intha Pongal ku PETTA sweet namaku,Our great leader gave us a sweet for this Pongal.
2025-05-01T16:21:04.642871,Thalaiva.. full Support from kerala Mohanlal Fans,Leader.. full support from Kerala Mohanlal fans.
2025-05-01T16:21:08.561389,Vijay sethupathi fans hit a like,Vijay Sethupathi fans hit a like.
2025-05-01T16:21:13.047462,Paaka dhana porom indha kaaliyoda aatatha,Only then we will see this dance of Kali.
2025-05-01T16:21:17.067590,Kola kandula irrukam veral level mass thalaiva,"You are looking extremely handsome, next level superstar."
2025-05-01T16:21:20.892118,Marana mass da Thalaivar lub,The leader is amazingly awesome.
2025-05-01T16:21:25.766187,Hey naathan 56 comment uh naanthan,"Hey Nathan, I'm the 56th comment."
2025-05-01T16:21:29.719473,Love You Super star ;) Mega Serapu,Love You Super star ;) Mega Charisma
2025-05-01T16:21:34.313734,Thalaivaaa!..therikka vittuta thalaivaaa!..vayasaanalum unnoda alagum stylum konjam kooda maarala,"Boss!.. You're still rocking it, boss!.. Even after all these years, your charm and style haven't changed a bit."
2025-05-01T16:21:37.897833,Vijay sethupathikaga vanthanu Evanavathu sonninga avlotha,"Vijay Sethupathi came for something, whatever they said was enough."
2025-05-01T16:21:41.577867,Thalaiva veriyans put a like....,Leader fanatics put a like....
2025-05-01T16:21:46.275213,THALAIVAAAA 2018 NAANGATAN 2019 naangathan !,"THALAIVAAAA in 2018, we were there in 2019 too!"
2025-05-01T16:21:50.710438,1st comment nice vera lvl rajini fans hit like,"First comment is nice, super level Rajinikanth fans hit like."
2025-05-01T16:21:54.790611,Wow! Back to Baasha mode..thalaivaaaa.petta paraakkkkk,Wow! Back to Baasha mode..boss..the roar is back.
2025-05-01T16:21:59.208506,Vera level i love u thalaivaa,"I love you very much, boss."
2025-05-01T16:22:04.419195,Bigil trailer pathutu vanthavanga yaaru... Ada like panungappaa namma Superstar ku,"""Who saw the Bigil trailer... Hey, you should like it for our Superstar."""
2025-05-01T16:22:09.095663,Q a q q q nhi upload krte ho yaar my rajni boss,"Why don't you upload Q A Q Q Q, my Rajni boss?"
2025-05-01T16:22:13.425201,Anyone here even in 2019 july,Is anyone here since July 2019?
2025-05-01T16:22:19.071142,Who wan anniyaan 2 like here,Who wants Anniyan 2 like here
2025-05-01T16:22:23.104848,Тут кто то на Русском разговаривает? Или Арм?,Is someone here speaking Russian? Or Armenian?
2025-05-01T16:22:27.421504,main Tumhare channel ko delete kar diya Mujhe 2.o film doo,"I deleted your channel, give me the 2.0 movie."
2025-05-01T16:22:34.643629,"Нихрена себе!вот это индусы,вот это удивили, охренеть","Damn! These Indians really surprised me, that's amazing."
2025-05-01T16:22:38.386061,2.0 full movie on zee tamil channel,2.0 full movie on Zee Tamil channel
2025-05-01T16:22:42.533276,Что за хрень? Очередное индийское кино?,What the hell? Another Indian movie?
2025-05-01T16:22:46.331482,PETTA or VISWASAM ? ME PERSO PETTA,"""PETTA or VISWASAM? Personally, I prefer PETTA."""
2025-05-01T16:22:51.565630,Super akshay sir i love u sir,"Super Akshay sir, I love you sir."
2025-05-01T16:22:55.441206,Put 2.0 movie in 3d on Feb 3 in telugu,Show the 2.0 movie in 3D on February 3 in Telugu.
2025-05-01T16:23:00.028640,Yaar. 2.0 iski movie ab tak you tube available Nahi hai,Who. The movie 2.0 is not available on YouTube yet.
2025-05-01T16:23:05.099261,Sankar sir kku thanks solla nu,I want to say thanks to Sankar sir.
2025-05-01T16:23:09.812006,", Best tamil movie 2.0 3d experience me .",The best Tamil movie is the 3D experience of 2.0.
2025-05-01T16:23:14.046805,Maranam Mass U Maranam #2.O.. (By-Fan of Rajni & Sachin Tendulkar),Death is Mass U Death #2.O.. (By-Fan of Rajni & Sachin Tendulkar)
2025-05-01T16:23:19.797027,Deja de juzgar esta película antes de verla.,Stop judging this movie before watching it.
2025-05-01T16:23:24.405917,Avenger main chitti ko bulla lo,"Avenger, the robot, was in the bull fight."
2025-05-01T16:23:28.788264,Joker ku aparam.... Namba Pakhirajan ku dhan villian fan base iruku pollaa,"After Joker, only our Pakhirajan has a villain fan base it seems."
2025-05-01T16:23:32.647589,ராஜ்னி சூப்பர் ஸ்டார் Akshay is the best actor,Rajni is a superstar and Akshay is the best actor.
2025-05-01T16:23:37.599367,Sethu anna Voice Thalaivar Entry Kolla Gaandu la irukan Epo varum oh nu,"Sethu brother, the voice of Thalaivar's entry is amazing, I wonder when he will come."
2025-05-01T16:23:41.490992,Enga thalaivanna summava Ippo paruda indha Kaali oda aatatha Kaala mudinchu Kaali ya vandhirukaruda,"Our leader is totally drunk now, watch how Kaali dances, finish the dance Kaali, please come."
2025-05-01T16:23:45.260834,All rajini heaters sweet saapdungo kaali da,"All Rajini haters should taste this sweet dish, it's delicious."
2025-05-01T16:23:51.787078,Paaaa.... Vera level la iruku thalaiva career ah idhu Mukkiyamana padama irukum,"Paaaa.... This is a very important movie in your career, thalaiva. It's at a different level."
2025-05-01T16:23:56.338305,marana masskku massa gettha nama thalaivaru massa ierukku mudiyathu marana na style,"Our leader is absolutely amazing, he can't be matched, his style is deadly."
2025-05-01T16:24:01.217866,"Enapa gangster padam nu nenacha clg, students, protest, old age love scene la katrenga, kabali madere la irukadea...","When I thought it was a gangster movie, there are college, students, protest, and old age love scenes, it's not like Kabali at all..."
2025-05-01T16:24:06.785664,Intha padatha pathe aakanum Thalaivaa aaaaaa.........,We have to watch this movie Thalaivaa aaaaaa.........
2025-05-01T16:24:11.616270,Superrrrrrrrrrrrrrrrr Star love youuuuu so much sir,"Super Star, I love you so much, sir."
2025-05-01T16:24:15.935054,Padatha ippove pakanum pola thonuravanga like podunga,The people who feel like watching the movie right now should like it.
2025-05-01T16:24:21.882693,Last 5 sec varadhu thuppaki music madhri irukunu solravanglam like podunga,"The last 5 seconds sound like Thuppaki music, so go ahead and like it."
2025-05-01T16:24:25.886443,Really super epdiya ivlo irku 37 days la mudicha,Really super how they finished this in just 37 days.
2025-05-01T16:24:30.059286,Super thalaiva... Summa madura localu...,Great leader... Just a small-town local...
2025-05-01T16:24:33.984848,Dislike ethuku da poduriga . Teast ellatha people...,"""Why are you disliking, you fools... People with no taste..."""
2025-05-01T16:24:38.224960,2:05 Marana massssssssssss luv u thalaivaaaaaaaaaaaa,"2:05 is amazing, I love you, leader."
2025-05-01T16:24:43.480278,"Ivvalavu nallh trailer ah um dislike panringalae,yaru paatha veliya irukku","People are disliking such a good trailer, who is out there watching?"
2025-05-01T16:24:46.808145,Kola kandula iruken konne potruven.... vaaree vaa,"I am very angry, I will kill you.... come on come."
2025-05-01T16:24:51.351326,Ithu thaan da Rajini padam .Pa.Ranjith unaku paadam.,"This is Rajini's movie, Pa Ranjith, it's your movie."
2025-05-01T16:24:57.085210,Makkal Selvan VJS Fans Like Here..!,People's Treasure VJS Fans Like Here..!
2025-05-01T16:25:01.366082,Best makeup (getup) for rajini after Shivaji film!,The best makeup (getup) for Rajini after the Shivaji movie!
2025-05-01T16:25:06.407818,Thalaivar ku enna pa vaisu ippadi kalakraru.,"What have you given to the leader, he's rocking like this."
2025-05-01T16:25:11.271372,Rajini and Simran make a wonderful pair,Rajini and Simran make a wonderful pair.
2025-05-01T16:25:16.258126,Will it cross sarkar teaser likes?,Will it surpass the likes of the Sarkar teaser?
2025-05-01T16:25:21.133934,Vjs mass avalo than solrathuku onnum ila,"There's nothing much to say, Vjs is not that great."
2025-05-01T16:25:25.989292,"sema but aniruth music sumara irukku ,yuvan best ah oottruparu ,","Really great but Aniruth's music is okay, Yuvan is doing the best."
2025-05-01T16:25:30.329956,Thalaiva.. looking good even at 70..semme,Leader.. looking good even at 70..awesome.
2025-05-01T16:25:35.296150,"sema but aniruth music sumara irukku ,yuvan best ah oottruparu ,","The song is great but Aniruth's music is average, Yuvan is performing the best."
2025-05-01T16:25:39.036242,Jithu Vs Kali ...Petta paarakk...Jithu fans hit like..,Jithu vs Kali... Watch it fast... Jithu fans hit like.
2025-05-01T16:25:43.216972,Paaka thaane pora. Intha kaali oda aatatha,Just look at how this Kali is dancing.
2025-05-01T16:25:48.465804,"sema but aniruth music sumara irukku ,yuvan best ah oottruparu ,","It's awesome but Aniruth's music is just okay, Yuvan is performing the best."
2025-05-01T16:25:52.417758,Thalaiva un padam illatha valkai wast thalaiva kalakura,"Life without your movies is useless, you're amazing boss."
2025-05-01T16:25:56.704824,Pongal vanda paka thane pora..... 100% petta paraak,I can't wait to see Pongal come... I'm getting 100% excited.
2025-05-01T16:26:00.815859,Omg awesome... Awesome... Awesome... Luv u thaalaiva..,"Oh my god, awesome... Awesome... Awesome... Love you, leader."
2025-05-01T16:26:05.462204,Semaa this pongal is thalaivar pongal,"This Pongal is the best Pongal, Semaa."
2025-05-01T16:26:11.613453,Rajini padum Nalla gathu tha ethuku athuku trailer la,"Rajini's song is good, that's why it's in the trailer."
2025-05-01T16:26:16.375025,Ithu dan Namma keata Thalaivar Padam Da evlo naala intha Mari padathuku dan wait panrom,"This is what we have been waiting for our Thalaivar's movie, it's been so long since we waited for a movie like this."
2025-05-01T16:26:20.444530,Petta it's a pre padai for Visvasam,Petta is a prelude to Visvasam.
2025-05-01T16:26:24.688753,Super super super,Super super super
2025-05-01T16:26:28.294913,Trailer evalavu nallA irrundhalum ivanunga dislike tha pannuvanga,"No matter how good the trailer is, these people will only dislike it."
2025-05-01T16:26:32.563564,2:11 semma smile sweet sapada poroum pongal ku,2:11 is the perfect time to cook Pongal with a sweet and lovely smile.
2025-05-01T16:26:38.546323,intha pongal sema super ah iruka pothu,This Pongal is so super nice.
2025-05-01T16:26:42.332987,intha pongal sema super ah iruka pothu,This Pongal is really amazing.
2025-05-01T16:26:47.766135,Trailer ra mass sa eruku. Apo movie marana Mass......... ......,The trailer is really cool. Then the movie is absolutely amazing.
2025-05-01T16:26:51.961777,Rajni Vijay sethupathi nawaz Petta,"Rajni, Vijay Sethupathi, and Nawaz in Petta."
2025-05-01T16:26:55.716936,Petta k but visuvasam trailer is still not release,The Petta movie trailer is still not released.
2025-05-01T16:27:00.422212,Portrait mode vekkama irundhurukalam 2:18,They could have left it in portrait mode at 2:18.
2025-05-01T16:27:04.780951,padatha pakka kola kandula iruken diiiiii,"I'm really excited to watch the movie, dude!"
2025-05-01T16:27:09.644937,Ellam sarithan but Vjs padathula irukaranu kekura alavuku trailer iruku,Everything is fine but the trailer is so good that it makes you wonder if Vijay Sethupathi is in the movie.
2025-05-01T16:27:14.075638,Pazhaya Rajinikanth ah paatha feeling pa....,The feeling when I see the old Rajinikanth...
2025-05-01T16:27:18.216785,I love u Rajini sir,I love you Rajini sir
2025-05-01T16:27:23.130180,Petta pongal thalaivar pongal marana mass pongal thalaivar vara levelmassssssssssssssssssssssss,Petta Pongal superstar Pongal is extremely awesome Pongal superstar coming level is amazing.
2025-05-01T16:27:26.874922,"ppppppppaaaaaaaaa, Vintage Rajini is back.... super summa alluthu....","Wow, Vintage Rajini is back.... it's really awesome...."
2025-05-01T16:27:31.602735,"Rajni sir ,nawazuddin siddiqui, Vijay Sethupathi","Rajni sir, Nawazuddin Siddiqui, Vijay Sethupathi."
2025-05-01T16:27:35.518042,rasithu rusichi sethuki yirukkar karthik suburaj...,Karthik Suburaj is looking angry and furious...
2025-05-01T16:27:40.180728,Fdfs paathathan pongal diwaliya irukka mudiyum,"Looking at it, it could be Pongal or Diwali."
2025-05-01T16:27:43.976303,super hit aganam rajini sir back,Rajini sir should make a super hit comeback.
2025-05-01T16:27:49.223102,"Pongalukku Sirappana, Tharamana, Mass entertainer flim","A spectacular, outstanding, mass entertainer film for Pongal."
2025-05-01T16:27:52.812465,1 MILLION in 2 1/2 hrs,One million in two and a half hours.
2025-05-01T16:27:56.870904,Thalaivar Paraaak! Make way for Superstar,Leader is here! Make way for Superstar
2025-05-01T16:28:00.874867,Intha Super Star thaaan engaluku venum 90's kids fav,"We need this Super Star, the favorite of 90's kids."
2025-05-01T16:28:05.016547,Y not Pongal sapda Porom............mathunga boss's adhe...,"Why not go eat Pongal...come on boss, let's do that..."
2025-05-01T16:28:11.268150,Ippo yenna panna poro....? Hahaha ticket book panna poro,What should I do now....? Hahaha should I book the ticket?
2025-05-01T16:28:15.726484,Thaa anga paara en thalaivarah masssu maranam,"Look there, my leader is so cool he's like a mass death."
2025-05-01T16:28:20.841890,Love u thalivaa Telugu lo kavaali saami,"I love you, my king. I need you in Telugu, my lord."
2025-05-01T16:28:25.040507,iooooooo enna solrathu be theriyala thalaivaaaa,"I don't know what to say, boss."
2025-05-01T16:28:29.317167,Rajini sir telugu fans hit a like here ? Rajinified,"Rajini sir's Telugu fans, hit a like here? Rajinified."
2025-05-01T16:28:34.059917,Kolai gandula iruken kollama vida maten......wat a mass n stylish man yar....,I am in a murderous mood and I won't let go easily......what a powerful and stylish man he is....
2025-05-01T16:28:38.326248,Kolai gandula iruken kollama vida maten......wat a mass n stylish man yar....,"I'm in the mood to kill, I won't let go easily......what a mass and stylish man, dude...."
2025-05-01T16:28:43.011311,Unkala Pakka indha oru janmam podhadh thaliva,You are truly a legend in this lifetime.
2025-05-01T16:28:47.468373,mass class Thalaiva Vera evanum ila,"Mass class Thalaiva, no one else is like you."
2025-05-01T16:28:52.278768,Marana mass marana style marna gethu mass trailer rajinified,"The trailer is super stylish, extremely powerful, and absolutely mass with Rajini's signature touch."
2025-05-01T16:28:56.580000,Maas maas maas thalaivar on track . Paakathaneporeee,"Month after month, the leader is on track. Can't wait to see it."
2025-05-01T16:29:01.316012,I am bigger fan in Thalaivar,I am a bigger fan of Thalaivar.
2025-05-01T16:29:05.656784,Simran mam so beautiful ..thalaivar ivlo young ah pathu evlo naal achu jithu,"Simran mam is so beautiful.. leader, it's been so many days since we saw you looking this young Jithu."
2025-05-01T16:29:10.968618,PETTA trailer SUPER Rajnikanth Garu style we want Telugu release on January 10 Rajnikanth STYLE ADURS pakka MASS,"The PETTA trailer looks SUPER in Rajnikanth Garu's style, we want a Telugu release on January 10, Rajnikanth's STYLE is definitely MASS like ADURS."
2025-05-01T16:29:15.181267,Enaku padame partha maari oru Feeling uuu,I feel like I've already seen the movie.
2025-05-01T16:29:20.261733,Rajani Sir gr8 man agree hit like,"Rajani Sir is a great man, I agree, hit like."
2025-05-01T16:29:24.232875,Ena story nu guess panna mudiyala,I can't guess what the story is.
2025-05-01T16:29:28.770940,Back to youth Rajini... Thalaiva marana mass .....,Back to the youthful Rajini... Thalaiva is extremely stylish and powerful...
2025-05-01T16:29:32.718421,Konj pathinkiru....odi othingiru ...vaarrraru thalaivaru.....petta paraak......,"I'm very scared...run and hide...the leader is coming...fly away, my dear bird..."
2025-05-01T16:29:36.576388,Vijay sethupathi fans hit like here,Vijay sethupathi fans click like here.
2025-05-01T16:29:40.137135,Ivaruku vayasu aagala man of masses for a reason,He is still young and is the man of masses for a reason.
2025-05-01T16:29:44.941527,sathima solra adicha underware odda vitarava,The underwear will tear if you hit it with truth.
2025-05-01T16:29:50.045934,"Rajni sir , Vijay and Nawajuddin in one movie. OMG...","Rajni sir, Vijay and Nawazuddin in one movie. Oh my God..."
2025-05-01T16:29:54.094916,Ending speech mass thalivaaaaaaakola kandula iruken,"I'm waiting eagerly for your powerful speech, Thalaiva."
2025-05-01T16:29:58.393983,Gommala marana kaatu kaatitan trailer la ye,The trailer itself was like a deadly forest in Gommala.
2025-05-01T16:30:02.938730,Sirapana tharamana sambavangala enidhan pakka pora,I am going to watch an awesome movie with lots of spice.
2025-05-01T16:30:07.341908,pakka va Rajinified. kola gandula waiting,It's truly Rajinified. Waiting with great excitement.
2025-05-01T16:30:11.643819,2:01 kola kandu la iruken mavaney kollama Vida maaten....semma,"I'm in a great mood son, I won't let go easily...awesome."
2025-05-01T16:30:16.048637,"Ellam super dhaan, Name card laam Thamizh la podamatingala? @karthicksubburaj","Everything is great, can’t we put the name card in Tamil? @karthicksubburaj"
2025-05-01T16:30:19.962950,Karthi Subbaraj tq for bring our style samrat back.....,Karthi Subbaraj thank you for bringing our style Samrat back.
2025-05-01T16:30:24.738860,Anna marana mass waiting from kerala.... Thalaiva love u,"Brother, I'm eagerly waiting for Marana Mass from Kerala.... Thalaiva, I love you."
2025-05-01T16:30:29.294206,19k Haters Idhukkum mela eppadi da trailer yeddukanum Button irukku nu press panniradhu haaaaaa,"""How can there be 19k haters for this? There's even a button to press for the trailer, haaaaaa"""
2025-05-01T16:30:33.818727,"Evergreen superstar ,thalaivar mass intha vayathilum,make up irunthalum set aka vendumallava,thalaivar unmayilaiye marana mass.","The evergreen superstar, the leader is still amazing at this age, even with makeup, he should be ready, the leader is truly a deadly mass hero."
2025-05-01T16:30:42.395973,Samma stylaruku thalaiva. Padam kandipa hit daa. Jai thalaiva from ntr fans. Andra,"You are truly stylish, leader. The movie will definitely be a hit. Hail the leader from NTR fans in Andhra."
2025-05-01T16:30:46.360168,yepavum single star thaaa athu ..enga super star thaaaaa,as usual it's just a single star but our superstar is the real deal
2025-05-01T16:30:52.396825,Oh my goddd thalaivaaaaaa theriiiii masssssssss,"Oh my god, leader, it's so awesome."
2025-05-01T16:31:00.265804,"Thalaivar verithanam! Rombha thanks ya Karthik Subburaj. Dei Ranjith, paathu katthukka da pikkaali payale.","Leader is a legend! Thank you so much Karthik Subburaj. Hey Ranjith, watch and learn you mischievous boy."
2025-05-01T16:31:04.957450,Mass thalaivar and karthik subaraj Vera level movie sure,"Mass hero and Karthik Subaraj have made a truly outstanding movie, for sure."
2025-05-01T16:31:09.822100,Mass petta pongal ..... 1995 Batcha Pongal 2019 Petta Pongal,"Massive Pongal celebration... Pongal in 1995, Batcha Pongal in 2019, Petta Pongal."
2025-05-01T16:31:13.406020,100 + times watch pannunga raise ur hand,Raise your hand if you've watched it more than 100 times.
2025-05-01T16:31:17.973902,Lighta adanga maaru bgm maathiri theriyuthu,"It feels like a subtle, changing background music."
2025-05-01T16:31:22.377820,Sema...last dialogue awesome....sanda pottu edukku saaganum...neenga daa diwali hit tu..,Wow...the last dialogue was awesome...you have to fight and win...you are the Diwali hit.
2025-05-01T16:31:27.469324,Nice But pesura dialogue onnum puriyala romba unnipa ketka vendieruku... Music over loaded,"Nice but I couldn't understand any of the spoken dialogue, it was very loud to hear... The music was over loaded."
2025-05-01T16:31:31.918306,BGM asusual therikka vitaru Sam cs,The background music as usual is outstanding Sam cs.
2025-05-01T16:31:35.757271,Entha Diwali Kaithi Diwali,This Diwali is Kaithi Diwali.
2025-05-01T16:31:40.909281,"Trailer nalla dhan iruku, theva illama en #BIGIL kooda clash-u.","The trailer looks good, but there's no need for it to clash with my #BIGIL."
2025-05-01T16:31:46.756433,Bigil kuda realsee panatha da unga padam odathu,Your movie won't run even if you release it with Bigil.
2025-05-01T16:31:50.681756,Waiting for lokesh kanakaraj Thalapathy 64 Thalapathy makkal selvam 2020 summer boxoffice,"Waiting for Lokesh Kanakaraj's Thalapathy 64, Thalapathy's public celebration, summer 2020 box office."
2025-05-01T16:31:54.980038,Indha padathoda trailer eh indha level la irukkunna apa thalapathy 64 padathoda trailer,"If the trailer of this movie is at this level, then imagine Thalapathy 64's trailer."
2025-05-01T16:32:00.346583,Screenplay vera level laaa iruku.... Waiting to saw ..,The screenplay is on another level... Waiting to see...
2025-05-01T16:32:05.530441,Thalapathy 64 Director Lokesh Kanagaraj Like Pannunga Actor Karthi Like Fans,Director Lokesh Kanagaraj makes Thalapathy 64 similar to actor Karthi and fans love it.
2025-05-01T16:32:09.596519,Commercial kuppai igil Ku thriller story Kaithi eh paakalam,Let's watch the commercial trash thriller movie Kaithi for the story.
2025-05-01T16:32:13.409635,Kaithi trailer ah paarthutu Thalapathy 64 ku Verithanama wait pandravanga like pannunga,"After watching the Kaithi trailer, people are eagerly waiting for Thalapathy 64."
2025-05-01T16:32:17.343202,Dislike potavan ellam anil fans pola,Those who dislike are all like Anil's fans.
2025-05-01T16:32:21.779425,Next bigil movie Ku waiting pantravanga,We are eagerly waiting for the next Bigil movie.
2025-05-01T16:32:25.989211,Idhuku dislike pota naainga ratham kakki saavuvanunga....,Those who disliked this will die spitting blood....
2025-05-01T16:32:30.910580,Ellarum kaithi =like bigil=cmt. Than soldranuga thavira oru payanum trailer pathi pesa matranuva,Everyone is saying Kaithi is like Bigil but no one is talking about the trailer you showed.
2025-05-01T16:32:37.295658,Bigil Ku wait panravanga like podunga,"People who are waiting for Bigil, please like."
2025-05-01T16:32:42.688482,Kaithi verithanamlast dialogue ...saavuratha erunthalum sanda poittu saganum sir..bayanthu kala vilunthu saga kudathu,"In the last dialogue of Kaithi, even if you are about to die, you must fight and live, sir... you should not live in fear and collapse."
2025-05-01T16:32:46.242524,Bigil : ivanum equalava maintain pannrana,Bigil: he is maintaining equality too.
2025-05-01T16:32:49.975066,FIRST DAY FIRST SHOW FOR KAITHI MOVIE,First day first show for Kaithi movie.
2025-05-01T16:32:54.498622,Diwaliku sambavam eruku Like-kaithi Cmt-bigil,There is an event for Diwali like Kaithi and Cmt-Bigil.
2025-05-01T16:32:59.034781,Trailer Vera level,The trailer is another level.
2025-05-01T16:33:02.419038,Padam blockbuster nu soldravanga oru like,"Those who call the film a blockbuster, give one like."
2025-05-01T16:33:06.794012,Nice attempt ... heroine illama ...,Nice attempt... without a heroine...
2025-05-01T16:33:11.538594,Semma semma semma semma semma semma no words vera level,"Wow wow wow wow wow wow, there are no words, it's on another level."
2025-05-01T16:33:15.985666,Ithu Ena BigBoss promo va da like comment nu vilayaditu irukinga,"What is this BigBoss promo, you guys are playing around asking for likes and comments."
2025-05-01T16:33:19.790898,Best Wishes From MAMMOOTTY FANS KERALA,Best Wishes From MAMMOOTTY FANS KERALA
2025-05-01T16:33:23.497563,213 dislike idhuku enna korachal mass Kaidhi,What is the problem with 213 dislikes? Mass Kaidhi is amazing.
2025-05-01T16:33:27.844181,Bigil padathuku sangu utha verila irukanda kaithi,There should be blood on hand for the movie Bigil like Kaithi.
2025-05-01T16:33:32.361933,1:06 Dheena fans hit like,1:06 Dheena fans hit like
2025-05-01T16:33:37.712732,Karthi Anna sema mass.intha diwali kaithi than first pakkanum.kola Massa iruku trailer,Karthi brother is amazing. I should watch Kaithi first this Diwali. The trailer looks awesome.
2025-05-01T16:33:42.215496,Like - Bigil Comments - Kaithi Deepavali2019,Like - Bigil Comments - Kaithi Diwali 2019
2025-05-01T16:33:48.118865,Tharamana padam pola ....ok ...apana next lokesh movie...thalapathy 64 solave vendam...,It looks like a good movie....ok...then next lokesh movie...no need to say thalapathy 64...
2025-05-01T16:33:52.523850,Real competition Kaithi and sanga tamilan Nega rendu perum orama poi vilaiyaduga -Bigil,The real competition is between Kaithi and Sanga Tamilan. Both of you should go and play together - Bigil.
2025-05-01T16:33:56.399090,Trailer paithu mersal anivnga like podinga..,Please like the trailer of Mersal.
2025-05-01T16:34:02.969752,Bangam da saami.... Vera level trailer baa..pakka mass ....bgm verithanam,"The trailer is amazing, my lord.... It's on another level.... Absolutely mass.... The bgm is stunning."
2025-05-01T16:34:08.968828,Dislikers please step back 2K19 #Kaithi Diwali,"Dislikers please step back, 2019 is the Diwali of Kaithi."
2025-05-01T16:34:13.450103,Deii Peasmmma Iruka bigil ku tickets illana pakalam illana tamil rocker thaa,"Hey Peasmmma, if there are no tickets for Bigil, we can watch it or else Tamil Rocker is the only option."
2025-05-01T16:34:17.303431,"Dei,bigil padathuku munnadiye release pannuga please","Hey, please release the movie Bigil soon."
2025-05-01T16:34:23.837172,Thalapathy fan ah slren Kandippa Bigil padathuku Competition ah irukkum,"Definitely, if you are a Thalapathy fan, there will be competition for the movie Bigil."
2025-05-01T16:34:27.924975,Verithanam kaithi vs bigil kandippa rendum Blockbuster hit,Definitely both Kaithi and Bigil are blockbuster hits.
2025-05-01T16:34:32.853661,"Trailer pathi edhana sollunga ya na, poll vachi nadathuranunga indha fan boys.. Like hu comment haam","Tell me something about the trailer man, these fan boys are running the show with their votes.. Like, comment, share."
2025-05-01T16:34:37.744028,Last dialogue bigil link agra madiri irukunu nenaikuravanga like here,The last dialogue is like a direct link to Bigil as some people think here.
2025-05-01T16:34:41.793217,Trailer eh anal parukkudu Film kandippa volcano daaaa,The trailer shows that the film will definitely be a volcano.
2025-05-01T16:34:45.810482,Potta thevidiya pasaga .. punda Vijay thayoli mavan,That idiot Vijay is a real scoundrel.
2025-05-01T16:34:51.057569,intha diwali namma....panam ellam padathukaa(Bigil & kaithi ) kaali aedum pola...,This Diwali we... seem to be spending all our money on movies (Bigil & Kaithi)...
2025-05-01T16:34:55.124140,Sanda poddu saavanum Saavalam saavalam jamaththa,"The fierce storm will destroy everything, destroy everything in an instant."
2025-05-01T16:34:58.510913,thalaivan ennaikumey mass thaan kaithi vera level,"The hero is always mass, Kaithi is next level."
2025-05-01T16:35:02.914508,Sanda potu jeinga thaniya jeigathinga ... VJ sir,Fight alone and win alone... VJ sir.
2025-05-01T16:35:07.073453,Ipdi muttathanama padam edunga. . Urula naainga vettitu savuthunga,Make such stupid films. . They'll kill you by rolling.
2025-05-01T16:35:11.159875,#Suriya Anna Fans Always Support #Karthi Anna,Suriya's fans always support Karthi.
2025-05-01T16:35:16.798692,"Nalla irukku, but yengaa anna oda bigil kuda potti podaa konjam yosingaa paaaa","It's good, but brother, with your bigil, you could have made it a little more lively."
2025-05-01T16:35:21.203294,Karthi Anna # Surya Anna fans hit like,Karthi brother and Surya brother fans hit like.
2025-05-01T16:35:25.902286,yavanachum trailer paarthi yeppudi irukunu comment pandrangala.... like kaithi comment bigil.... pottudu irukanuga....,"""Has anyone seen the trailer and commented on how it looks... like Kaithi commented on Bigil... they are mocking it..."""
2025-05-01T16:35:30.204708,Ayayo bigil aprm release panratha idea iruka lokesh gaaru,"Oh no, do you have any idea when Bigil will be released, Lokesh sir?"
2025-05-01T16:35:33.915015,1k + comments in just 12min..,Over one thousand comments in just twelve minutes.
2025-05-01T16:35:38.848941,When AJITH fans turn into Broker Mama for Kaidhi.....Dai Mama's Kaidhi yum Engaluku Jeikanum #THALAPATHY64,"When AJITH fans become Broker Mama for Kaidhi, we also want to win Mama's Kaidhi. #THALAPATHY64"
2025-05-01T16:35:43.991482,Sagaratha erunthalum sanda pottu saganum sir.... Bayanthu kaal la vilunthu saga kudathu.. Kola mass Karthi veralevel,"Even if you fall down, you have to fight and get up sir... Don't lie down scared in the battlefield.. Karthi is at a killer mass level."
2025-05-01T16:35:49.049386,Last dialogue semma karthi Anna .... Nala panirukenga ....,"The last dialogue was amazing, Karthi brother.... You did well...."
2025-05-01T16:35:54.148505,Ajith fans like here Kaithi,Ajith fans like the movie Kaithi here.
2025-05-01T16:36:00.664975,Trailer Bgm vera level ... Padam pakkava irukapothu Diwalikulaa fdfs,The trailer BGM is on another level... I can't wait to watch the movie on Diwali first day first show.
2025-05-01T16:36:06.437522,"Waiting for kaithi, bigil and sangathamizhan most important marana waiting for Thalapathy 64","Waiting for Kaithi, Bigil, and Sangathamizhan, but most importantly, the deadly wait for Thalapathy 64."
2025-05-01T16:36:11.279253,Sam cs BGM விக்ரம் வேதா- thananananaaa.... thanananana... கைதி- thaararaa thaararaaa,Sam cs BGM Vikram Veda - thananananaaa.... thanananana... Kaidi - thaararaa thaararaaa
2025-05-01T16:36:15.462181,"Lokesh Kanagaraj fans, leave a like","Lokesh Kanagaraj fans, click the like button."
2025-05-01T16:36:19.911620,"Trailer Semma , Trailer pakka vantha Thalapathy fans mattum like pottu du ponga","The trailer is amazing, only Thalapathy fans liked the trailer very much."
2025-05-01T16:36:24.684331,Kadasi punch bigil padathuku oda clash kaga sonna pola irunthuchu,It seems like the next release was supposed to clash with the movie Bigil.
2025-05-01T16:36:28.991575,1:36 thaa Marana verithanam dawww,"1:36 is the time of death, damn."
2025-05-01T16:36:33.864916,All Karthi Anna Fans mass Diwali Nammaldhu dha otha Verithanamana sambavam iruku...,"All Karthi Anna fans, our Diwali is going to be a truly special and grand event."
2025-05-01T16:36:38.718271,Kaithi.. FDFS pakkanumnu ninaikkira fan's LIKE Podunga..,"I want to watch Kaithi on first day first show, fans please like this post."
2025-05-01T16:36:43.975571,"Kaththi , poojai maari Bigil , kaithi hit aagum","Kaththi and Poojai were hits, and Bigil and Kaithi will also be hits."
2025-05-01T16:36:49.464242,Fdfs ku poravaga like poduga,Press like when you go for Fdfs.
2025-05-01T16:36:54.228566,Yanada....last la... Bigil ku ... Reply pana..maari irukayy,Yanada... at the end... please reply to Bigil... looks like that.
2025-05-01T16:36:58.334577,Verithanamana trailer aiyoo Diwali kaithi Diwali,"The trailer is truly amazing, aiyoo Diwali, Kaithi Diwali."
2025-05-01T16:37:03.840318,Asuran padam style la sollanumna.... Yennaya trailer eh ippudu irukku,If you want to talk about the style of the movie Asuran... just look at the current trailer.
2025-05-01T16:37:07.538324,Dipavali vettri nayagan Thala fanzz full support for kaithi,Diwali victory hero Thala fans fully support Kaithi.
2025-05-01T16:37:11.924494,Karthi Anna fans kill like button,Karthi's big brother fans should smash the like button.
2025-05-01T16:37:17.837464,I am thalapathy veriyan karthi sir vera level,"I am a huge fan of Karthi sir, he is on another level."
2025-05-01T16:37:22.036117,What a stunning visuals Karthi therikka vitrukaru Lokesh kanagaraj,"What stunning visuals, Karthi is shining under Lokesh Kanagaraj's direction."
2025-05-01T16:37:28.321924,KaithiDiwali Karthi acting veriya irukum pola,It looks like Karthi's acting in Kaithi will be amazing.
2025-05-01T16:37:33.402480,savaratha iruntha kuda sanda pottu savanu sir payanthu Kalla vilunthira kudathu Karthi is back in action,"Even if he is injured, he should not fight and get hurt again. Sir, please don't let him fall. Karthi is back in action."
2025-05-01T16:37:37.851590,Omala ithula yarna bigil evana potinga sethinga,Who is the bigil in this Omala you've thrown and set.
2025-05-01T16:37:42.607084,Thalapathy 64 kkaa vanthu intha trailer pathavanga vijay fans like podunga .........,"For those who watched this trailer for Thalapathy 64, Vijay fans, please give it a like."
2025-05-01T16:37:46.985331,Verithanamaana sambavam waiting na thala fan thaan but thalapathy64kaaga marana waiting,It's an extraordinary event and I've been waiting as a true fan but the wait for Thalapathy64 is killing me.
2025-05-01T16:37:51.500609,suspect peru dilli. i am waiting for kaithi.,The suspect's name is Dilli. I am waiting for Kaithi.
2025-05-01T16:37:55.878355,"Padam Blockbuster Tha kandippa, Maranaaaa waitingggggggg for Kaithiiiiiiiiiiiiiii","The movie is definitely a blockbuster, I am eagerly waiting for Kaithi."
2025-05-01T16:38:00.162020,Trenda maathungadabigil = like Kaithi = comment,Trend will change like Kaithi = comment
2025-05-01T16:38:05.040034,Kaithi diwali Bigilu poolu nu oorma ponga da palvadi vgay pans,"Remember the Diwali in Kaithi with Bigilu fireworks, my friend Palvadi Vijay."
2025-05-01T16:38:09.243048,Lokesh kanagaraj movie naalae.... English Rap....Song vandurum,Lokesh Kanagaraj's movie will have an English rap song.
2025-05-01T16:38:14.467987,Rip Sr Prabhu punda mavan... Ne theru Kodi thaan di... Sad luck Karthi and Lokesh Anna...,"Rest in peace, Prabhu's stupid son... You're the street king, man... Tough luck, Karthi and Lokesh brother..."
2025-05-01T16:38:19.279030,#kaithi padam vera level ah iruka poguthu... Eagerly waiting,The movie Kaithi is going to be next level... Eagerly waiting.
2025-05-01T16:38:23.388987,Verraaaaaaaaaaaaaaaaaa levellllll ughhh annaaaa..... Waiting for mass success,"Absolutely amazing level, ugh brother..... Waiting for huge success."
2025-05-01T16:38:27.540879,Bigil varuma nu therila yea,I don't know if Bigil is coming yet.
2025-05-01T16:38:33.076105,Karthi (kailii vettii) kattitu naducha Padam hit and blockbuster thann Antha varusaiyil ithuvum ondruuu,"Karthi acted with a mustache and the movie was a hit and blockbuster that year, this was also one of them."
2025-05-01T16:38:39.383424,Yen da night liye eduthu vechu irukinga but trailer bgm bangam,Why did you take it out for the night but the trailer bgm is awesome.
2025-05-01T16:38:44.483532,Yaarellam bigil update paathutu inga vandhinga like podunga,"Everyone who has seen the Bigil update has come here, please like it."
2025-05-01T16:38:49.029449,@Bigil trailer vantha Entha padamum diwaliki varlanu solliduvaanga paakringala.... Only for Thalapathy......,"""The Bigil trailer has arrived, they'll say every movie is for Diwali, just watch... Only for Thalapathy..."""
2025-05-01T16:38:54.119819,Unique one logesh kanagraj never disappoints simple ah sollanumna raaav ah iruku,"Unique one Logesh Kanagaraj never disappoints, to put it simply it's amazing."
2025-05-01T16:38:58.574439,Wishes from nadippin nayagan Suriya fans,Greetings from superstar actor Suriya's fans.
2025-05-01T16:39:02.848369,Sam.C.S BGM Vera level la eruku ....,Sam.C.S's background music is at another level.
2025-05-01T16:39:06.873619,Amazing rajini sir and akshay sir,Amazing Rajini sir and Akshay sir.
2025-05-01T16:39:12.839634,Jai super star Rajinikanth sir Akshay Kumar sir and the genius Shankar sir,"Jai superstar Rajinikanth sir, Akshay Kumar sir and the genius Shankar sir."
2025-05-01T16:39:17.047712,Superstar rajinikanth sir's die hard fans kill this like button,Superstar Rajinikanth sir's die hard fans should smash this like button.
2025-05-01T16:39:21.641421,Thank you rajini sir and shangar sir,Thank you Rajini sir and Shangar sir.
2025-05-01T16:39:25.908917,720 la vachu pathe 360 la pakura maari iruku,It looks like we're watching something on 720p that was originally in 360p.
2025-05-01T16:39:29.596571,Teaser pathutu olu otavanungala oora vitu odungada,"After watching the teaser, those who can't handle it should run away from the town."
2025-05-01T16:39:33.717303,Ur Favorite Hero ? Like Rajinikanth Comment Vijay,"Who is your favorite hero? If you like Rajinikanth, comment Vijay."
2025-05-01T16:39:37.473255,I support 2.0...no...i support Indian Cinema,I support 2.0...no...I support Indian Cinema.
2025-05-01T16:39:41.607719,Rajani sir's akshay gi fans put ur like here,"Rajani sir's Akshay fans, put your likes here."
2025-05-01T16:39:48.163289,thalaiva vera lvl ....superstar Rajnikanth 2.0 khooo khoooo,"leader, another level ....superstar Rajnikanth's 2.0 is wow wow"
2025-05-01T16:39:52.539070,Thalivaaaaaaaaa neeee semma i love u soo muchmake way for the king,Thalivaaaaaaaaa you are amazing I love you so much make way for the king
2025-05-01T16:39:56.848771,"Ippudi oru trailer vechukittu ethuku da teaser vitinga , mirattal po visuals la stunning ah iruku","Why did you release a teaser after taking such a trailer, the visuals in Mirattal are stunning."
2025-05-01T16:40:00.651900,Vera level la iruku! VFX is awesome....,It's on another level! The VFX is awesome....
2025-05-01T16:40:04.285735,Kisi kaam ki language me release kero. Chawloo !,"Release it in a useful language. Hey, you!"
2025-05-01T16:40:08.707211,SUPERSTAR + CHILHOOD FANS+ HIT LIKE,"Superstar and childhood fans, hit the like button."
2025-05-01T16:40:13.051828,Super star RAJINI fans like here,Super star Rajini fans are here.
2025-05-01T16:40:17.593404,ARE YOU EXPECTING HAPPY DEEPAVALI FORCE DIALOGUE IN 2.0 MOVIE,Are you expecting the Happy Deepavali Force dialogue in the 2.0 movie?
2025-05-01T16:40:21.515883,But still vfx not upto mark,But still the visual effects are not up to the mark.
2025-05-01T16:40:25.133243,Verithanma irruku... Love frm suriya fans,It's amazing... Love from Suriya fans.
2025-05-01T16:40:30.152345,Rajini + sankar + ar rahman = vera level.. intha combo kkaaga tharalaama paakalam,Rajini + Shankar + AR Rahman = next level.. I can't wait to see what this combo has in store.
2025-05-01T16:40:35.635516,Massive visual extravaganza .Proud moment to Indian cinema,Massive visual extravaganza. Proud moment for Indian cinema.
2025-05-01T16:40:39.628547,Omg... Aaaaaaaaaaaaaaaaaaaaaaaaaaa bap re bap blockbuster,Oh my god... Aaaaaaaaaaaaaaaaaaaaaaaaaaa oh my god it's a blockbuster.
2025-05-01T16:40:43.684006,i love you thalaivaaaaaaaa welcome to #2.0,"I love you boss, welcome to #2.0."
2025-05-01T16:40:47.997848,otha ...padam na ithu padam... shankar vera level,Wow...this is what a movie should be like...Shankar is on another level.
2025-05-01T16:40:53.044103,Hit like for akshay kumar and rajni sir awsome trailer,Hit like for the awesome trailer of Akshay Kumar and Rajni Sir.
2025-05-01T16:40:57.602984,Trailer ya itdu ppa Seema mass irukku,"The trailer looks great, Seema is awesome."
2025-05-01T16:41:02.809620,Antha 68 Peru Mattu en Kaila kedacha,Those 68 people and the money I got in my hand.
2025-05-01T16:41:06.398800,Superstar fans +arr fans +Akshay Kumar fans+ Shankar fans hit like,"Superstar fans, AR Rahman fans, Akshay Kumar fans, and Shankar fans, hit like."
2025-05-01T16:41:11.143949,Mass of massa Tamil cinima to Hollywood level Vara level Shankar rajinikhanth tamilandaaaa,"Mass of massa Tamil cinema is reaching Hollywood level, Shankar and Rajinikanth are taking Tamil cinema to great heights."
2025-05-01T16:41:15.011179,Thalaivaaaaaaa celebration started Love u Thalaivaaa,"Leader, the celebration has started. Love you, leader."
2025-05-01T16:41:19.535168,Paravala etho teaser oda trailer pakkala 1time,"Don't worry, it's just a teaser trailer, not the full one yet."
2025-05-01T16:41:25.536382,Am Chitti reloaded version 2.0 samaaaaaaaaa,I am Chitti reloaded version 2.0 awesome.
2025-05-01T16:41:29.920299,I'M WAITING SANKAR ANNNA NEXT ANNIYAN 2 DIRECTOR SHANKAR CHIYAAN VIKRAM FANS VERY SOON ATHUKKU ME LA,"I'M WAITING SANKAR ANNA, NEXT ANNIYAN 2 DIRECTOR SHANKAR, CHIYAAN VIKRAM FANS VERY SOON FOR THAT IN ME LA"
2025-05-01T16:41:33.658872,Akshay Kumar fans hit like here,Akshay Kumar fans click like here.
2025-05-01T16:41:39.033613,Enna Karumam Da Ithu....Next Kochadaiyan On The Way...Appa Ivan Pomma Padam Yeaduthu Vachu Irukan Pa.....,"What a tragedy this is... Next Kochadaiyan is on the way... Dad, this guy has brought back the golden film again..."
2025-05-01T16:41:44.390816,TAMIL MOVIE 2.O KING IN INDIA WONDER SUPER STAR AN SANKAR'S MASS MOVIE,The Tamil movie 2.0 is a blockbuster in India featuring the wonder superstar and Shankar's mass movie.
2025-05-01T16:41:48.186320,Super star awesome vfx kola kuthu,The superstar is awesome and the vfx is fire.
2025-05-01T16:41:52.228626,#Thalapathy Fans Hit Like! #SarkarDiwali,#Thalapathy Fans Press Like! #SarkarDiwali
2025-05-01T16:41:56.111445,Rajinkanth fan from age 1 like here,Rajinikanth fan from age 1 like here.
2025-05-01T16:42:00.135087,Epic scene @ 0:54 .. Attakasama iruku trailer..,The epic scene at 0:54 is amazing in the trailer.
2025-05-01T16:42:03.973420,O my god i love you #2.0,Oh my god I love you #2.0
2025-05-01T16:42:08.249021,Ena Da bomma Padam eduthu vachirukeenga,"What a great movie you've made, dude."
2025-05-01T16:42:13.230039,2000 crore ki kamai hundred percent,Earning 2000 crores is a hundred percent.
2025-05-01T16:42:18.303563,Tamilcinema Na ennanu kaatanum get Ready audience,"Tamil cinema is going to show what I am, get ready audience."
2025-05-01T16:42:22.378141,All d best from Andhra allu Arjun fans,All the best from Andhra Allu Arjun fans.
2025-05-01T16:42:27.164473,Dislike poda ypdi da mansu varudhu?,"How can you dislike it, man? It's so annoying."
2025-05-01T16:42:31.450285,Shankar + Rajani + Akki,"Shankar, Rajani, and Akki"
2025-05-01T16:42:35.074128,Vera level is also not enough its unbelievable,Another level is also not enough it's unbelievable.
2025-05-01T16:42:38.216166,Biggest block buster film in India,The biggest blockbuster film in India
2025-05-01T16:42:43.365145,"bhai gazab ab ye movie hila dega pure bollywood ko,..","Bro, this movie will shake up the entire Bollywood industry."
2025-05-01T16:42:47.050381,hit like for rajni if you are a true rajni fan,Press like if you are a true Rajni fan.
2025-05-01T16:42:51.704365,Mass good work keep on rocking SUPERSTAR 2.0,"Massive good work, keep on rocking SUPERSTAR 2.0."
2025-05-01T16:42:56.354793,Thalaivarrrrr vera level......love u soooo muchu rajini sir....,"Leader, you're on another level......I love you so much, Rajini sir...."
2025-05-01T16:42:59.997650,Hit a like for super star,Hit a like for the superstar.
2025-05-01T16:43:04.854481,663 my view I am Telugu die hard fan of Rajini sir,663 is my view. I am a die-hard Telugu fan of Rajini sir.
2025-05-01T16:43:09.175918,50k views in 4 minutes,50 thousand views in 4 minutes
2025-05-01T16:43:13.428528,Padam Vera level la iruka pothu I'm waiting,"The movie is at another level, I'm waiting."
2025-05-01T16:43:17.189680,25k + likes views within 5mins!,25 thousand plus likes and views within 5 minutes!
2025-05-01T16:43:21.423648,Annai kalikambal movie vfx is better,The visual effects in the movie Kalikambal are better.
2025-05-01T16:43:25.262583,sarkar thalapathy fans hit like...,Sarkar Thalapathy fans hit like...
2025-05-01T16:43:29.585638,Thalaivaaa romba neram unga teaser ku wait pannitu irundhen...ipo thaa pakkura,"I have been waiting for your teaser for a long time, my leader...only now am I seeing it."
2025-05-01T16:43:34.328420,super star rajini fans like here,Super star Rajini fans are here.
2025-05-01T16:43:38.139616,Adra adra adraaaa......Nee vaa thalaivaaaaa...... Vera level...,"Come, come, come my leader...... You are next level..."
2025-05-01T16:43:42.225967,Thaaa kolla marana masss thalaivaa nee Vera level,"Wow, it's super cool, you are amazing at another level, boss."
2025-05-01T16:43:47.017773,Tamizha Na la mudiyatha thu ethuvume illa...#Sankar sir proof it...2.0v va support pannuvom Na like pannunga,"There is nothing impossible in Tamil Nadu... Director Shankar has proved it... We will support 2.0, please like it."
2025-05-01T16:43:51.925800,akki paji n rajni paji fans like,Akshay Kumar and Rajinikanth fans like
2025-05-01T16:43:55.907752,Thalaivaaaaaa marana mass,"Boss, it's extremely stylish."
2025-05-01T16:44:00.132859,Thalaivaaa... Ennaa thalaivaaaa graphics idhuuu.....really dissapointed,Boss... What is this boss... The graphics are really disappointing...
2025-05-01T16:44:04.693804,Vera Vera level da version 2.0,Another level version 2.0
2025-05-01T16:44:09.028783,Hit like if you like to hit,Hit like if you like to hit.
2025-05-01T16:44:13.964520,semma 2.0.....kanna suma trailer tha main picture innu pakilla. . suma adrudhuilla,"The trailer of 2.0 is really great, but the main picture is not as good as expected. It's not that impressive."
2025-05-01T16:44:18.296751,Rajini - Shankar fans hit like,Rajini and Shankar fans should hit the like button.
2025-05-01T16:44:22.662588,Not worthy vfx illana shakthi man pakkura mathiri than irukkum,Not worthy vfx otherwise it will look like Shakthi Man's work.
2025-05-01T16:44:27.563882,Hit like u r a rajinikanth fan,Hit like you are a Rajinikanth fan.
2025-05-01T16:44:31.403577,Rajnikant And Akshay Sir Hit Like Button Share Movie,Rajnikant and Akshay Sir hit the like button and share the movie.
2025-05-01T16:44:35.311804,promo video vfx super from rajni fans..,The promo video's vfx is superb from Rajni fans.
2025-05-01T16:44:40.333515,Superstar of Mass Class Rajinikanth... #2Point0 Indian Cinema Pride and Shankar and ARR Make India Big....,The superstar of mass class Rajinikanth... #2Point0 is Indian cinema's pride and Shankar and AR Rahman make India proud....
2025-05-01T16:44:43.964460,Rajini sir fans from andhra like here,Rajini sir's fans from Andhra like him here.
2025-05-01T16:44:48.193471,Rajnikant And Akshay Sir Hit Like Button Share Movie,"Rajnikant and Akshay Sir, please like and share the movie."
2025-05-01T16:44:52.576507,Hit like for Rajnikanth sir and Akshay Kumar.. ek like to bnta h,Hit like for Rajnikanth sir and Akshay Kumar.. at least one like is deserved.
2025-05-01T16:44:56.688607,Ayyoooo sema da Sankar Sir Ranjini Waiting For movie,"Oh wow, awesome Sankar Sir, Ranjini is waiting for the movie."
2025-05-01T16:45:00.016300,A r rahman fans hit like here,A R Rahman fans hit like here.
2025-05-01T16:45:03.861487,Yeahh hhh... Akshay kumaaarrr. Fans like it,Yeahh hhh... Fans like Akshay Kumar.
2025-05-01T16:45:08.987052,RAJANI and AKSHAY ಅಣ್ಣನ ಅಭಿಮಾನಿಗಳು ಕನಾ೯ಟಕ ರಾಯಚೂರು ..... ಅಭಿನಂದನೆಗಳು ಚಿತ್ರಕ್ಕೆ,RAJANI and AKSHAY are fans of brother from Karnataka Raichur... Congratulations to the movie.
2025-05-01T16:45:12.880209,Best trailer like for thalaiva,The best trailer is like for the boss.
2025-05-01T16:45:16.660643,Rajani fans hit like here,Rajini fans hit like here
2025-05-01T16:45:21.250481,Shankar Anna and AR sir Sema mass,Shankar brother and AR sir are extremely awesome.
2025-05-01T16:45:26.079204,Superb Trailer Rajni Sir and Akki Bro Gazab Ka Trailer Hai Blockbuster Movie,"Superb trailer Rajni Sir and Akki Bro, the trailer is amazing, it's a blockbuster movie."
2025-05-01T16:45:29.736810,just 1 min 10k views wow,"Just one minute, 10,000 views wow."
2025-05-01T16:45:33.864499,For A r rahman Hit like,"For A.R. Rahman, hit like."
2025-05-01T16:45:38.467142,Like for rajini die hard fan,Like for a die-hard fan of Rajinikanth.
2025-05-01T16:45:42.228027,#Superstar Rajini biggest fans like here,The biggest fans of Superstar Rajini are here.
2025-05-01T16:45:46.154644,Pakkka masss #2.0 Vera level #தலைவா,Absolutely awesome #2.0 is on another level #leader.
2025-05-01T16:45:49.931359,Thalaiver serupu ku mun yaduvum onnum ella,There is nothing before the leader's anger.
2025-05-01T16:45:55.384845,Super Star fans like here,Super Star fans are here.
2025-05-01T16:45:58.953790,Rajini fans hit like.... Awesome tralier,Rajini fans hit like.... Awesome trailer
2025-05-01T16:46:03.318444,A R Rahman + Shankar,A R Rahman and Shankar
2025-05-01T16:46:07.461810,SUPERSTAR +ARR+ SHANKAR FANS HIT LIKE,SUPERSTAR ARR SHANKAR FANS HIT LIKE
2025-05-01T16:46:11.815594,rajini fans like here and subsibe me,Rajini fans like here and subscribe to me.
2025-05-01T16:46:16.322598,Adei adhukullayuma 7k views ? #20trailer,"Hey, how are there already 7k views? #20trailer"
2025-05-01T16:46:24.465251,Music Harris irutha semma ya irukum,Harris' music will be great.
2025-05-01T16:46:28.626987,Point blank padam remake..point blank paarunga super ra irukum,"The movie Point Blank remake is super, you should watch it."
2025-05-01T16:46:33.137102,All the best Anna... movie maperum vetri adaya valthukkal,All the best brother... best wishes for the movie's grand success.
2025-05-01T16:46:38.203602,Kamal time is prefer fat like v2,Kamal prefers fat like time is version 2.
2025-05-01T16:46:44.779524,irumugan maathiri irukku voice aa sonnaen,I told you the voice is like Irrumugan's.
2025-05-01T16:46:48.465833,Yeanda ivlo stylish aana role ku punch dialogue kuduthu saavadippeenga,Why are you giving such stylish punch dialogues for the role.
2025-05-01T16:46:52.458166,Vera level music Vera level getup,Next level music and next level getup.
2025-05-01T16:46:56.593305,Kaasa micham panna paatha Sathiyama music nalla irukkadhu,"When you listen to Kaasa micham sincerely, the music is not good."
2025-05-01T16:47:00.700820,2 second la like pottavangalaam yaaru?!,Who are the ones who liked it in just 2 seconds?!
2025-05-01T16:47:05.333412,KK IS MY BROTHER CHIYAAN VIKRAM ANNA MASS MASS MASS MASS VERA LEVEL LEVEL,"KK is my brother, Chiyaan Vikram is a superstar, he is truly amazing and outstanding."
2025-05-01T16:47:10.736908,Ghibran pundaya vitta ungalukku vera aale kedaika laya da.,"You won't find another guy like Ghibran if you lose him, man."
2025-05-01T16:47:15.284735,(You kena tahu lebih lagi untuk tahu saya) podurra oru likke,(You want to know more about me) just wait a little.
2025-05-01T16:47:19.467923,Generally bap se beta sawai....lekin yaha Bete(aditya varma)se bap sawai.......,Generally the son is like the father... but here the father is like the son (Aditya Varma)...
2025-05-01T16:47:23.384286,Karela vikram fance like butten powlikda,Karela Vikram looks like a fancy button polish.
2025-05-01T16:47:27.301599,My channel vanthuttu ponga Apdiya subscribe pannittu ponga pls support,Please come to my channel and subscribe to support me.
2025-05-01T16:47:31.501664,Namma commandos la best aana aalu,Our commandos are the best people.
2025-05-01T16:47:35.979657,Vikram bai.. Pesama tamil cinema vitu hollywood ponga! Ungaluku athan bestu,"Vikram brother, without talking, leave Tamil cinema and go to Hollywood! That is the best for you."
2025-05-01T16:47:40.160601,Sadness is seeing Kamal Haasan's name but no Kamal Haasan appearance,Sadness is seeing Kamal Haasan's name but no Kamal Haasan appearance.
2025-05-01T16:47:43.949872,Vera level Chiyaan Vikram sir superb,Another level Chiyaan Vikram sir is superb.
2025-05-01T16:47:48.072068,OMG awesome vikram speak in Malaysian language,OMG awesome Vikram speaks in Malaysian language.
2025-05-01T16:47:52.372714,Vera level ....MASS TRAILER....VIKRAM ANNA....CVF TENKASI,Next level....MASS TRAILER....VIKRAM BROTHER....CVF TENKASI
2025-05-01T16:47:57.244455,Kodaram Kondan Vera leVal Chiyaan annan sema masss cvf VNR AICVRM 20760,"Kodaram Kondan is really great, Chiyaan brother is super awesome, cvf VNR AICVRM 20760."
2025-05-01T16:48:02.762248,waaaooow chiyan semmmee sir...unga look n your acting...,"Wow Chiyan, you are amazing sir...your look and your acting..."
2025-05-01T16:48:07.032350,Thalivaaa nee vera level padam parakum,"The boss, you are at a different level when it comes to making films."
2025-05-01T16:48:11.239997,Chiyan fan From KERALA,A fan of Vikram from Kerala.
2025-05-01T16:48:15.702480,Irungada enga Annan Blue satta review solatom..,"Come on, I'll tell you the review of our brother Blue Satta."
2025-05-01T16:48:20.375126,Entha manusanu ku vayasu ana mariya erukaru ....epppa aa enna enarji men...great vikram sir,The man looks very young for his age...what an energy man...great Vikram sir.
2025-05-01T16:48:24.235253,Bhai jaldi upload karo Hindi mai movies please bhai,"Brother, please upload the movies in Hindi quickly, brother."
2025-05-01T16:48:28.406047,Johnwick aavadhu mayiravadhu.... Inga paarunga ya namma thalaivan ah...,"Johnwick is good or bad... Look here, our leader is..."
2025-05-01T16:48:32.996348,You Kena Tunggu lebih lama lagi.. untuk tahu saya... Hahahaha.. Last punch in Malay... Wow,You have to wait even longer to know me... Hahahaha... Last punch in Malay... Wow.
2025-05-01T16:48:38.850214,Semma MASS Chiyan Vikram Sir I am waiting,I am eagerly waiting for the amazing mass hero Chiyan Vikram Sir.
2025-05-01T16:48:43.586861,Tatarata tatat eyya ooua chiyan..... Chiyan fans hit like.....,The sound of excitement is amazing Chiyan..... Chiyan fans hit like.....
2025-05-01T16:48:47.834392,I m so happy to say vikram fan...shivaji - kamal - Vikram...,"I am so happy to say I am a fan of Vikram...Shivaji, Kamal, and Vikram..."
2025-05-01T16:48:51.970360,Hollywood level ki ma ki c*t It's a vikram's level.. Veera level..,"It's not a Hollywood level, it's Vikram's level.. Veera's level.."
2025-05-01T16:48:58.464057,Chiyaan Vikram sir HOLLYWOODla nadikka veendiya Aalu,Chiyaan Vikram sir is the man who should act in Hollywood.
2025-05-01T16:49:02.850548,Ur Rocking chiyaan sir,"You are rocking, lion sir."
2025-05-01T16:49:08.510046,Harris jayaraj music panni irutha nalla irukum,It would be nice if Harris Jayaraj composed the music.
2025-05-01T16:49:11.872842,You kena tunggu lebih lama lagi... untuk tahu saya...,You have to wait much longer... to know me...
2025-05-01T16:49:16.865962,You kena tunggu lebih lama lagi untuk tahu saya,You have to wait even longer to know me.
2025-05-01T16:49:20.933974,Irumugan maathiri feel aachu solluravan like poodu,It feels like a fool who says it's like Irumugan.
2025-05-01T16:49:26.573136,K K na Kadaram kondan,K K is the Kadaram Kondan.
2025-05-01T16:49:32.193245,Vikram look Vera level. Making la pakumbotheya veriya irruku. Kasa thaniya vari erachi irrukanga pola.trailer semma mass dha.,Vikram looks at another level. The making feels very intense. It seems like they have put in a lot of effort separately. The trailer is absolutely mass.
2025-05-01T16:49:37.936886,Chiyaan vikram in last dialogue in enna paththi innum konjam therunjooooo mass dialogue,"Chiyaan Vikram's last dialogue in the movie is still giving me goosebumps, what a powerful line!"
2025-05-01T16:49:42.156036,Vikram sir nadippuku vayasu agave agathu.. Hats off u..,Vikram sir's acting never ages. Hats off to you.
2025-05-01T16:49:46.400525,Congrats vikaram sir behalf thala fans,Congratulations Vikram sir on behalf of Thala fans.
2025-05-01T16:49:50.845340,Indha manusanuku oru nallathu nadakanumnu ninaikuruvanga like podunga,"These people think something good should happen to this man, so go ahead and like."
2025-05-01T16:49:55.946985,Vikram's last dialogue is malay language !,Vikram's last dialogue is in Malayalam language.
2025-05-01T16:50:00.518898,Chiyaan vikram mass trailer in Kadaram kondan,The mass trailer of Chiyaan Vikram in Kadaram Kondan
2025-05-01T16:50:04.906242,Last la Malaysian language ningge romba naal wait pannano enna kandupudike semma,"At the end, I was shocked to find out that we had to wait for the Malaysian language for so many days."
2025-05-01T16:50:08.825668,Vikram Sir u r a pure fire,Vikram Sir you are pure fire.
2025-05-01T16:50:12.677676,chiyan Anna eppaume mass than ..,Chiyan Anna is always great.
2025-05-01T16:50:16.805125,I love you Chiyaan vikram anna,I love you brother Chiyaan Vikram.
2025-05-01T16:50:21.378007,kk na kena koo koo* kedigala koondoda pudikravaru nu sola vanthan...,He came to say that they call you the one who likes to hug.
2025-05-01T16:50:25.503128,Vikram =Hardwork Never ever give up(Gibran music ),Vikram equals hard work and never ever give up (Gibran music).
2025-05-01T16:50:29.633136,Paiyan ah vida Appa mass dhan,The son is more powerful than the father.
2025-05-01T16:50:33.611480,Chummaa tup tup tup nu pottu pogite irupen,I'm just going to keep pouring and pouring non-stop.
2025-05-01T16:50:37.550989,U kena tunggu lebih lama lagi Untuk tahu sayawow,You have to wait even longer to know wow.
2025-05-01T16:50:42.482422,WAITING FOR SHANKAR'S + KAMAL HASSAN - MAGNUM OPUS - INDIAN 2 MOVIE.,"WAITING FOR SHANKAR'S AND KAMAL HASSAN'S MAGNUM OPUS, THE INDIAN 2 MOVIE."
2025-05-01T16:50:46.575381,Enna da John wick Tamil version maari irruku ....,"What is it, John Wick looks like a Tamil version..."
2025-05-01T16:50:51.027008,After Iru Mugan Most Awaited Vikram movie,"After the movie Iru Mugan, the most awaited is the Vikram movie."
2025-05-01T16:50:55.355771,செம்ம சியான மரண Waiting for kadaram kondon movie,I am eagerly waiting for the movie Kadaram Kondon.
2025-05-01T16:51:00.136578,You kena tunggu lama lagi untuk tosaaaaaa,You have to wait a long time for the toss.
2025-05-01T16:51:04.774848,Gethu kaatraru pa Vikram ji.... Mersalayitan.....,You are showing great style Vikram ji.... That's Mersal for you.....
2025-05-01T16:51:08.192819,Super super Ghibran bgm vera level,"Super super, Ghibran's background music is on another level."
2025-05-01T16:51:12.524000,KK na KK na yaare...? King of Kollywood,"Who is KK, the king of Kollywood?"
2025-05-01T16:51:17.801600,Vera level chiyyan vikram,Vikram is a next level hero.
2025-05-01T16:51:22.293493,0:45 Chiyaan Deadly look Ungaluku vayase aagadha,0:45 Chiyaan's deadly look doesn't age you.
2025-05-01T16:51:27.065226,Chiyaan in k. K mass mass mass mass mass mass mass mass mass chiyaan veriyan suthamalli chiyaan boys,"Chiyaan is a mass hero, truly amazing and energetic, the boys love Chiyaan."
2025-05-01T16:51:31.869388,Chiyaaannnn.... Only for u... Vera level handsome hunk...,Chiyaan... Only for you... He's a very handsome hunk...
2025-05-01T16:51:37.710306,Trailer vera level chiyaan vikram anna fans hit,"The trailer is next level, Chiyaan Vikram anna fans will love it."
2025-05-01T16:51:43.641966,Chiyan ANNA YEPOTHUMEAY MASS THA....BY CVF TENKASI,Chiyan brother is always great... by CVF Tenkasi
2025-05-01T16:51:47.437471,this time naata vittu odurathu uruthinu nenaikiraen.,This time I think I will definitely run away from the country.
2025-05-01T16:51:51.880561,SEMMA STYLISH CHIYAAN VIKRAM SIR BIG BLOCKBUSTER LOADING WISHING IN ALL THALAPATHY VIJAY,"Extremely stylish Chiyaan Vikram sir, big blockbuster loading, wishing all the best to Thalapathy Vijay."
2025-05-01T16:51:56.114843,Mass mass mass mass Vikram sir,"Massive, massive, massive Vikram sir."
2025-05-01T16:51:59.816575,Our king is Back yo yo,"Our king is back, yo yo."
2025-05-01T16:52:04.189648,Intha trailer partha piragu chiyan fan nu soldrathula perumaiya irukku.... Chiyan mass.....,"After watching this trailer, I feel proud to call myself a Chiyan fan... Chiyan is a mass hero..."
2025-05-01T16:52:08.133410,Semma vera level Chiyaan anna than mass,Chiyaan brother is at an extremely high level of mass.
2025-05-01T16:52:12.277735,This is true... Semma mass vikram......,This is true... Vikram is absolutely awesome......
2025-05-01T16:52:16.828526,Music ! Ghibran.. Vera level,The music is amazing! Ghibran is at another level.
2025-05-01T16:52:20.951627,Thalaiva Marana Waiting For KK Movie ........... CVF (SM.KSP) =KingStar Sarath PandiaN,"Sir, I am eagerly waiting for the KK movie from KingStar Sarath Pandian."
2025-05-01T16:52:24.973586,U kena tunggu lebih lama lg.. utk thosai....,You have to wait a little longer for the dosa.
2025-05-01T16:52:29.566094,Hollowed level la iruka rompa ethir pakkalam Vikram acting vera level,"Vikram's acting is at a different level in the movie Hollowed, it's extremely intense."
2025-05-01T16:52:33.354609,Chiyan Anna fan hit like,Chiyan Vikram fan hit like.
2025-05-01T16:52:37.415343,Surya Anna Fans Hit Like,Surya Anna Fans Hit Like
2025-05-01T16:52:42.303472,Ngommala chiyan Vera lvl a irukkarraaa,He is a very good liar.
2025-05-01T16:52:46.805822,Inimae oorukulla mass uh gethu nu sollitu thiriya kudaathu Yean naa athu ellaamae naanga thaan,"From now on, don't wander around the neighborhood boasting about being the best because we are the ones who are actually the best."
2025-05-01T16:52:52.781562,Enna Pathi Teriyanumna Nee Innum Konjam Kathirukkanum well said kathirukkom thalaivare waiting for you Only,"If you want to know about it, you still have to wait a little while, well said we are waiting for you, leader, Only."
2025-05-01T16:52:57.770236,Nee velaiyadunathu yanta illa yaman ta theeriiii,"You are not doing any work, you are just wandering around."
2025-05-01T16:53:02.437790,Waiting for you thalaivaa vaa vaa vaa eppa varuva,Waiting for you boss come come come when will you come
2025-05-01T16:53:09.351084,Deiii movie eppa da waiting laye veri aaguthu,"Hey, when is the movie coming? I'm getting so excited just waiting for it."
2025-05-01T16:53:13.164668,You kena tunggu lama lagi untuk tahu saya.. final dialogue ! in Malay :O,You have to wait a long time to know my final dialogue! In Malay :O
2025-05-01T16:53:17.333282,Chiyan pwoli lookCVF kerala boys like adikk,Chiyan looks great in CVF and Kerala boys love this style.
2025-05-01T16:53:21.311941,Just for fun Kk naaa yarru Kanja karupu,"Just for fun, who is that dark-skinned guy."
2025-05-01T16:53:27.670627,Chiyan விக்ரமோட fans lam like button ah adichi thookunga paaklaamm........,"Chiyan Vikram's fans should hit the like button, let's see........"
2025-05-01T16:53:31.828186,Thaaru maaru chiyaan Anna sema stylish,Brother Thaaru Maaru Chiyaan is very stylish.
2025-05-01T16:53:35.571988,Yaman da yaman da ha ha ha ha ha hhhhhhhhhhh,"Yaman, Yaman, ha ha ha ha ha hhhhhhhhhhh."
2025-05-01T16:53:39.800761,Kk chiyan vikram in kadaram kondan best wishes,Best wishes to Kk and Chiyan Vikram for Kadaram Kondan.
2025-05-01T16:53:43.849126,Vikram Veriyarkal LIKE BUTTON Therika vidungal,"Vikram fans, please find and press the like button."
2025-05-01T16:53:47.778488,Manushan ku Vayasu aakave aakathu pola,Age doesn't seem to affect a person at all.
2025-05-01T16:53:52.120342,U kena tunggu lebih lama lagi utk tahu saya (from Malaysia ),You have to wait longer to know about me (from Malaysia).
